question_id,topic_tokenized,answer_item_1_tokenized,answer_item_2_tokenized,answer_item_3_tokenized,answer_item_4_tokenized,answer_item_5_tokenized,answer_item_6_tokenized,answer_item_7_tokenized,answer_item_8_tokenized,answer_item_9_tokenized
201,"climat,chang","speech,recent,age,seat,help,commun,inform,staff,black,fight,beyond,sing,idea,strong,never,suddenli,ahead,tv,anyon,reach,despit,class,design","possibl,better,everi,whatev,fire,babi,night","republican,site,societi,least,econom,carri,make,busi,possibl,throw,medic,energi,begin,treat,beyond,meet,level,list,accord,commun,stock,cost,strategi,age,ago","pa,present,requir,follow,ball",,,,,
202,"space,explor","account,ok,crime,sing,young,role,interest,act,across,particularli,group","eight,secur,specif,movement,need,check,still","movement,begin,cover,mother,east,high,million,two","section,rais,lose,right,cut,play,church,consum,physic,alreadi,quit,comput,lose,mean,mani","staff,babi,parent,open,might,cup,comput,occur,congress,next,test,worri,major,medic,blood","also,night,bank,becom,eat,wall,trip,moment,must","polit,money,machin,worri,choic,everyon,hand,dark,best,along,later,pm,crime,oper","determin,cup,let,smile,interview,station,messag,last,get,would,design","cover,trade,man,attent,ago,avail,differ,power,affect,often,live,floor"
203,entrepreneurship,"suffer,suggest,budget,wrong,part,specif,big,ball,south,mention,paper,design,interview,decad,question,energi,real","defens,certainli,parti,cover,bit,start,drive,requir,beyond,cultur,fill,lead,shake,differ,shake,speak,anoth","program,though,cut,teacher,person,detail,pay,ball,great,field,town,eat","close,valu,area","reduc,appli,summer,two,eat,song,girl,let,say,ten,militari,standard,confer,prevent,friend,section,hold,soldier,societi,throw,success,realiti,respons",,,,
204,"artifici,intellig","daughter,soldier,soon,agenc,action,school,seek,seven,arm,air,ever","bodi,action,lawyer,truth,particular,countri,career,break,scienc,grow,throughout,languag,walk,feel,explain","artist,year,tv,type,arm,marriag,idea,grow,director,recogn,troubl,worker,within,administr,still,treat,futur,region,environ,draw,commun","research,oper,watch,task,south,develop,seriou,treatment,minut,factor,wide,teach","choic,commerci,spend,third,like,area,answer,troubl,audienc","success,train,law,manag,move,realiz,air,blue","beauti,charg,situat,garden,bag,charg,hotel,current,religi,data,import",,
205,"artifici,intellig","last,strong,stock,interview,new,argu","last,new,scene,ga,colleg,import,mayb,base,standard,view,opportun,interest,sinc","agre,enjoy,wide,religi,easi,build,send,clear,stage,miss,oil,administr,follow,subject,help,fall,pay,coupl,spring,wall,base","thank,forward,provid,tri,go","owner,whatev,speech,least,deal,accept,sometim,scientist,whole","answer,sound,thu",,,
206,"machin,learn","becom,grow,choic,relationship,happi,scene,nation,want,kind,name,current,bodi,debat,languag","part,effect,former,custom,year","help,includ,natur,staff,fast,live",,,,,,
207,psycholog,"better,end,articl,work,tv,final,mouth,find,chair,find,notic,sit,player,agent,thank,interest,plant","threat,wear,almost","want,social,act,exactli,tree,see,form,ever,creat,total,pretti,inde,hot","instead,across,among,whatev,energi,catch,heavi,draw,part,along","congress,tell,ahead,manag,peopl,friend,form,impact,school,deep,cost,notic,section,hope,import,relationship,specif,laugh,degre,organ,water,return,much,one","anim,alreadi,necessari,door,take,lot,creat,great",,,
208,"digit,market","product,magazin,page,soldier,hair,street,address,door,research,western,price,economi,relationship,whose,edg","easi,probabl,old,even,prepar,nation,never,colleg,thank,near,main,instead,behind,nice,appli,move,age,first,staff,art,trial","senior,film,tonight,sure,democrat,manag,u,beyond,star,earli,right","method,sever,troubl,interest,troubl,relat,mean,chang,medium,avail,rich,imag,bar,explain,certainli,use",,,,,
209,"web,develop","avail,boy,requir,model,requir,wide,inde,score,sister","approach,insid,door,daughter,despit,care,trial,statement,ye,assum,new,owner,thing,per,suffer,whatev,stuff,histori,world,threat","want,polic,right,action,worker,entir,today","anim,question,stay,live,second,degre,civil,director,ground,firm,polit",,,,,
210,"health,fit","data,say,produc,deep,street","democrat,air,new,enough,end,central,marriag,trial,offic","agent,sing,born,wind,seven,energi,firm,institut,hotel,receiv,worri","scene,staff,major,southern,head,attack,shoulder,commerci,past,account,rich,nation,somebodi,radio,certainli",,,,,
211,histori,"well,particular,near,keep,strong,leader,strategi,organ,reach,person,start","strong,stage,letter,hope,make,upon,confer,interest,especi,seek,hard,easi,notic,identifi,pattern,execut,eat","clearli,product,style,famili,physic,accord,know,glass,speech,offic,plant,marriag,carri,natur,mr","memori,mouth,magazin,start,child,reduc,agre,hair,group,front,per,drive,standard,add,law,rais,hot,event,bodi,profession,happen,rich,local,best,although","present,other,hour,week,mean,tonight,seek,improv,next,abil,item","includ,choos,bodi,memori,forget,repres,manag,paint,case","voic,yeah,pictur,begin,imag,time,concern,stand,babi,compani,experi,sit,trade,affect","short,popular,certain,case,properti,mr,polici,avoid,success,far,help",
212,histori,"turn,coach,eat,major,size,behavior,see,charg,great,would,someth,price","citizen,ok,benefit,ga,buy,clearli,program,beat,ye,reach,discuss,choic,enjoy,presid,perhap,nation","collect,blue,long,physic,matter,respons,board,seem,wish,base,prepar,current,person,tell,simpl","becom,public,bar,bed,govern,fish,certain,act,necessari,spend,pm","wide,peopl,father,fund,product,road,fine,west,mani,receiv,land,win",,,,
213,"digit,market","allow,better,letter,truth,model,meet","major,agent,money,still,step,great,other,second","hard,day,arm,polit,prevent,countri,race,suffer,plant,exampl,wrong,watch,anyon,defens,polit,end,opportun","discu,manag,earli,reach,see","parent,year,garden,compani,increas,leav,particularli","finish,train,carri,republican,tri,republican,custom,person,fli,might,similar,happi,action,space,kitchen,industri,leader,deal,decid,eat,tough,season,sometim,spring",,,
214,entrepreneurship,"cup,million,american,draw,throw,simpli,world,western,figur,throughout,certain,rais,old,seven,variou,indic,custom,studi,process,admit,edg,drive,fear,court,five,phone,imagin,perform,memori","congress,minut,reason,anyon,materi,speech,put,process,method,difficult,econom,paint,low,compani,type","environ,economi,realiz,final,wide,reason,alreadi,build,field,risk,opportun,manag,billion,better,financi,anyth","group,claim,nation,claim,say,choos,top,realli,pretti,manag,coupl,thought,prevent,quit,receiv,busi,meet,often,parent","sell,break,hear,class,signific,doctor,although,reduc,inde,necessari,concern,econom,common,total,reach,idea,energi,notic,messag,mission,note,bodi,relationship","job,rang,democrat,would,page,far,day,water,girl,writer,last,write,campaign,interest,bar,matter,interview,notic,common,alreadi,red","million,ga,shoulder,interest,tradit,tax,impact,busi,inform,build,safe,newspap","hit,big,task,thu,adult,sell,market,polit,half,audienc,decid,low,condit,adult,spring,design,health,magazin,begin,describ,none",
215,"artifici,intellig","professor,believ,agenc,turn,execut,side,week,argu,start","wind,bag,serv,major,page,floor,near,note","invest,properti,light,cell,peac,natur,child,artist,scienc,street,kitchen,answer","alon,man,real,fish,star,dream,exampl,make,compar,writer,debat,leg,materi,feder,discu,attent",,,,,
216,"space,explor","view,stop,fund,claim,debat,relationship,major,larg,price","walk,thing,fire,increas,say,notic","win,qualiti,travel,peopl,get,news,realiz,increas,teach,colleg","nation,music,behavior,card,miss,trial,member,must,writer,action,cut","happen,way,countri,word,condit,three,agre,forc,book,enter,rate,environment,design,increas,task,intern,particip,star,show,fine,face,howev,use,huge,take,much,billion","sign,let,note,purpos,sometim,stock,author,draw,shoulder,howev,tonight,give,final","fast,floor,head,establish,mr,sing,listen,republican,cultur,ask,western,strategi,friend,exactli,respond,center,level",,
217,"career,develop","televis,stage,citi,fill,major","wall,father,person,great,sens","help,five,fact,exist,low,morn,local,hundr,grow,reveal,detail,congress,give,analysi,attack,standard","drive,music,guy,forget,ten,benefit,page,materi,less,age,lead,key,bodi,full","white,hand,sourc,simpli","expect,word,heavi,rather,trial,singl,lot,reason,true,qualiti,end,open,paper,perhap,high,heavi,board,player","artist,choic,yet,capit,point,discov,door,area,social,spend,natur,hard,pay,best,make",,
218,psycholog,"term,environ,common,end,effort,admit,rememb,question,challeng,issu,finish,radio,audienc,visit,develop","learn,happi,boy,senior,new,effort,collect,shake","interest,wind,beyond,foreign,happen,ball","answer,comput,last,measur,rule,admit,former,know,certainli,partner,adult","surfac,wall,like,old,career,environ","line,total,prevent,seem,suffer,thousand,seri,still,mouth,detail,alon,other,work","free,east,part,turn,short,choos","third,exist,road,throughout,alway,network,blood,help,mention,factor,clear,act","organ,hotel,identifi,differ,respond,time,agre,song,peopl,would,recogn,figur"
219,"climat,chang","tax,gener,produc,none,adult,bag,avail,sister,movement,husband,avail,degre","program,author,across,expect,bag,oil,tough,sit,real,close,arriv,govern","anim,manag,career,without,rich,fill,shoulder,movi,thousand",,,,,,
220,psycholog,"audienc,singl,littl,meet,fast,new,paint,side,manag,trial,night,professor,check,method,add,issu,particularli,hope,dinner","right,lawyer,futur,rest,phone,song,stuff,wonder,peopl,never,final,near,opportun,educ,event,five","stock,site,main,tabl,cut,door,treatment,firm,senior,worri",,,,,,
221,"person,financ","card,piec,current,special,polit,light,break,fish,record,realli,tv,person,author,go,amount,surfac,forward","relationship,start,polic,away,room,whether,entir,seat,alon,experi,today,import,recogn,smile,hair,grow,sea,laugh","seriou,bag,light,begin,togeth,drop,countri,network,last,final","store,hard,ahead,hot,dog,first,though,billion,cover,alway,newspap,firm,open,inde,worker","offer,news,close,occur,night,carri,despit,lose,race,know,church,nice,know,happen,like,space,job,colleg,fine,bill","begin,pressur,pattern,institut,human,class,show,affect,news,spend,understand,south,view,famili","whose,person,three,finish,shake,polic,histori,lawyer,fast,instead,class,specif,tree,figur,quit",,
222,educ,"nation,school,class,piec,speech,arriv,class,short,mani,mayb,see,particularli,memori,similar,less,happen,door,sea,contain","person,sea,move,properti,crime,learn,tax,entir","strong,growth,stori,play,throw,cours","speak,certainli,night,creat,pull,interest,piec,beyond,onto,prevent,class,medic,particip,person,lead,educ,bank,bit,score,worri,rock,offic,process,past","eat,card,includ,prepar,compar,determin,civil,tree","home,local,region,effort,sport,educ,relat,action,garden",,,
223,blockchain,"child,measur,resourc,sever,south,level,lead,event,beauti,standard,alway,perform,explain,base,hold","area,detail,poor,blood,deep,billion,decid,believ,center,space,edg,debat,suffer,stori,use,author,consid,green","home,billion,nearli,elect,fish,third,man,religi,could,mission,four","friend,page,execut,secur,month,less,activ,form,half,hit","free,east,upon,charg,rich,eye,real,understand","alway,coupl,dinner,mention","quit,dream,countri,situat,free,road,ye,lot,game,memori,reflect,shake,door,sinc,red,church","seat,wrong,posit,commerci,part,although,appear,mayb,ye",
224,psycholog,"quickli,abil,might,ga,explain,machin,contain,site,find","perform,matter,seven,hundr,one,hope,articl,daughter,develop,system","nation,least,music,way,keep,real,american,machin,environ,loss,everyon,fish,paper,appear,civil,economi,happen,quickli,languag,agenc","gener,serv,address,probabl,like,later,attent,draw",,,,,
225,"climat,chang","crime,fall,particip,soldier,recogn,system,throughout,short,presid,lawyer,posit","moment,skill,govern,requir,truth,result,valu","difficult,anyon,analysi,level,miss,project,plant,also,alon,tend,measur,forget,product,goal,seri","feel,role,interview,carri,friend,polici,open,manag,rule,store,enough","technolog,eight,kind,necessari,perform,let,site,realli,lead,pretti,posit,imagin,behind","fli,condit,west,truth,messag,choos,never,campaign,top,develop,suddenli,fund,art,two,talk","vote,worker,part,reveal,glass,compar,staff,knowledg,insid,former,bad","action,owner,relat,lead,put,full,fast,tree,coach,individu,could,choos,bag,result",
226,"space,explor","minut,teach,agreement,shoulder,knowledg,deep,quit,center,differ,owner,describ,sort,yet,fli,strategi","posit,usual,option,candid,goal,six","commun,confer,realiz,eat,major,might,abl,show,big,low,thing,exampl,support,outsid,measur","stori,reason,stand,song,govern,shoulder,ground,mr,kind,dark,defens,man,staff,comput,cover,organ,stay,matter,month,materi,music,get","kind,stock,today,old,skin,center","place,coupl,onto,would,coach,wait,firm,readi,custom,director,avail,machin","compar,dark,televis,word,drug,custom,long,comput,watch,alon,continu,outsid,hand,congress","local,fear,play,among,major,imagin,commun,sing","way,analysi,reduc,back,figur,exampl,west,five,doctor,former,candid,ga,around,item,number,yet,wonder,know"
227,"quantum,comput","natur,train,weight,second,futur,famili,would,everi,deal,imagin,new,list,hold","studi,hour,chang,tree,describ,question,oper,singl,station,ago,west,program","littl,industri",,,,,,
228,"health,fit","mayb,econom,full,anyth,western,televis,pressur,languag,growth,three,recent","commun,evid,worker,buy,test,pictur,high,fli,much,quit,singl,daughter","east,surfac,career","alon,break,better,public,weight,name,tonight,determin,car,respons,send,action,major,anyth,see,draw,commun","garden,agent,set,machin,hit,famili,compani","near,discu,station,talk,alreadi,guess,fish,school,top,almost,feel,item,wind,miss,scienc,thought,special,although","forget,figur,decad,father,alreadi,first,recent,simpl,person,feder,reach,coupl,leader,term","serv,radio,western,deal,compar,citizen,speak,war",
229,"person,financ","reach,open,exactli,particularli,three,foreign,today,profession","republican,night,futur,troubl,teacher,partner,staff,movement,ye,news,night,product,power","tax,blue,pm,floor,cours,employe,agreement,seri,agent,decad,dog,next,page,assum,design,mother,countri,edg,daughter,qualiti,local,cost,woman","economi,war,answer,centuri,run,tell,structur,step,water,question,hotel,husband,card,approach,feel,sister,accept","reflect,effect,piec,box,economi,effect,score,interest,test,militari,head","group,wish,let,back,entir,cultur,event,safe,home,final,give,whole",,,
230,"career,develop","sport,talk,relationship,televis,case,situat,soon,without","pattern,languag,fli,either,manag,listen,u,blue,check,name,attack,cell","employe,imagin,later,sport,scientist,test,govern,exactli,custom,indic,war,differ,signific,indic,rich,exampl,everyth,western,marriag,magazin,posit,decad,direct,away,friend,grow,certainli,insid",,,,,,
231,"space,explor","note,senior,notic,west,develop,charact,creat,stand,season,break","person,import,safe,wrong,radio,pull,lawyer,control,candid","opportun,knowledg,hospit,summer","teacher,ye,fight,billion,pretti,whatev,note,sign,window,run,success,sit,enter,wall,half,person,strong,none,call,man","new,crime,board,becom,accord,cold","tough,around,finish,region,administr,view,five,guess,center,look,wait,four,place,measur","tradit,window,defens,fine,thought,rang,style,husband,heavi,success,decid,son,thu,total","art,west,court","parent,certainli,actual,deep,intern,tax"
232,blockchain,"stage,team,posit,appli,view,centuri,control,current,effort,cold,rich,someon,gun","elect,current,special,exactli,friend,respond,insid,teach,model,focu,activ","popular,protect,fund,growth,exist,worri,expect,begin,watch,admit,anoth","fine,within,feder,front,sister,administr,civil,fear",,,,,
233,"space,explor","medic,box,yeah,machin,rather,prove,low,reason,billion","variou,bad,respond,soon,benefit","like,perform,discov,white,heart,lot,eye","cover,capit,wait,long,languag,method,blood,partner,chanc,avail","lose,actual,eat,day,thank,interest,pay,situat,number","technolog,charact,enter,certainli,happi,close,toward,bad,husband,languag","fire,popul,listen,last,word,mouth,firm,point",,
234,"web,develop","tough,thought,hair,onto,dream,program,histori,task,cut","attorney,eat,sport,data,parti,els","teach,nice,also,well","address,mr,work,futur,sens,enough,perhap,set,idea,agenc,beat,huge,account,crime,clearli,eight,rate,section,bank,simpli,man,along,minut,condit,control","guy,note,chang,particular,agent,tax,ball,back,young,hear,memori,talk","famili,challeng,busi,white,catch,present,explain,set,histori,around,real,peopl","million,particular","whatev,almost,teach,voic,receiv,mani,major,speak,employe,coupl,room","past,howev,camera,mouth,player,behavior,necessari,car,woman"
235,"person,financ","like,fast,arriv,other,onto,attorney,visit,oil,watch,account,anoth,wish,elect","despit,total,good,shoulder,usual,economi,notic,job,sever,dog","properti,organ,task,father,product,reveal,strong,partner",,,,,,
236,entrepreneurship,"receiv,train,alreadi","see,ground,central,front,top,research,report,treatment,assum,stage","citizen,morn,visit,adult,miss,american,situat,meet,medium,theori,friend,improv,build,offic,tree,drug,differ,choic,price,chanc,deep,bring,seriou,hot","kitchen,skin,form,art,defens,eight,anoth,staff,someth,throughout,drug,like,certainli","leg,use,catch,step,like,list,would","comput,near,environ,make,abl,parent,first,good,peac,lay,onto,accord,newspap,water,although,young,time,truth,charact,result,million,languag,american,minut,benefit,thought,along,standard,husband,ground","everyth,industri,magazin,democrat,role,tell,believ,wonder,play,guess,fish,purpos,wife,person,tonight,pull,size,stand,someth,rememb","best,level,hot",
237,"digit,market","physic,form,valu,among,relationship,finish,perform,page,well,end","chang,product,speech,candid,allow,anoth,per,structur,differ,power,special,reach,bill,home,result,sea","guy,stay,deal,site,sing,reduc,left,sister,treat,hope,mother,war,sit,argu","along,rather,thank,practic,materi,bill,research,decad","simpl,thank,offic,hold,old,remain,lot","hear,stand,way,center,els,wife,spring,color,howev,page,spring,long,bodi,administr,eye","member,show,economi,parti,mind,million","product,fish,record,moment,answer,group,glass,air","mission,race,like,goal,cover,friend,across,throw,challeng,qualiti,affect"
238,blockchain,"hope,tell,yeah,soon,peac,dog,anim,seri,student","school,lose,yeah,ok,abil","better,leg,wall,report,lose,owner,box,amount,would","rais,head,eight,fact,believ,wide,imag,democrat",,,,,
239,"career,develop","gun,brother,reduc,perform,understand,quickli,yet,hit,item","special,pictur,fli,short,unit,ball,order,cours,employe,worri","earli,old,assum,certain,book","includ,compani,stock,lot,tree,financi,network,opportun,team,pressur,decad,sound,make,senior,describ,design,receiv,simpli,project,nation,site,parent,station","rate,cup,win,posit,actual,side,reduc,wife,today,nation,parent,financi,everyon,like,whole,certainli,card,care","ahead,comput,attent,hold,total,right,inde","determin,ground,movement,onto,togeth,troubl","make,instead,world,data,tree,quickli,give,fund,determin,like",
240,psycholog,"sort,difficult,race,grow,enough,marriag,think,laugh,drop,look,pull,star,requir,exactli,result,challeng,almost","though,fund,stand,industri,soldier,instead,inde,reflect,sing,name,social,minut,invest","never,three,central,number,better","difficult,hear,interview,offic,realli,hit,ga,relat,condit,travel,must,studi,ago,accept,watch","price,along,expert,often,visit,religi,shoulder,recent,prove,local,evid,realiti,speech,avoid,american,happen,good,life","heavi,ball,stori,somebodi,shake,price",,,
241,"person,financ","enough,tv,exactli,foreign,bar,bar,road,realiz,kid,possibl,realli,fact,get,well,social,add","mr,sign,troubl,mean,truth,wish,close,ten,practic,past","find,deep,man,loss,budget,state,compar,polit,choos,voic","paper,administr,receiv,fund,kind,studi,seri,partner,none,expect","attent,littl,crime,consid,someon,reach,ye,marriag,intern,firm,middl,stage,increas,low,languag,discu,night,key,teach",,,,
242,"health,fit","agent,say,direct,grow,poor,wonder,need,rule,hand,tv,alway,campaign","woman,nation,offic,protect,send,accept,behavior,system,option,say,recent,charg,land","though,knowledg,film,score,cup,kitchen,appli,husband,power,minut,debat,brother,tv,leav,articl",,,,,,
243,robot,"son,agent,food,station,student,south,tell,war,list,score","partner,beat,strong,affect,fli,whether,alway,next,event,read,take,bed,year","pm,like,ago,go,alreadi,evid,court,discu,variou","whether,crime,two,issu,beyond,manag,forward,everyon,abl,product,mr,open,member,thank,realli,ever","one,parent,technolog,seek,perform,allow,tonight,includ,import,alway","must,summer,feel,thu,prevent,execut,trade,tend,foot,resourc,meet","ago,perform,enjoy,less,consum,win,chanc,accord,network,man,rememb,someon,person,reveal,nation","heart,leav,current,treatment,happen,civil,marriag,rather,educ,yet,data","colleg,possibl,agre,confer,compar"
244,"quantum,comput","movement,unit,hot,young,fact,success,throughout,job,defens,clearli,hot,along,bank,still,hair,learn,road,happen","use,million,begin,foot,southern,board,dream,tv,democrat,son,vote,music,support","fund,laugh,today,close,point,dream,develop,difficult,power,research,structur","interest,financi,hair,man,discu,support,mention,employe,someon,song,elect,exampl","wife,experi,huge,rate,often,eye,never,admit,way,buy,relationship,natur,issu","task,exampl,would,everybodi,industri,none,take,visit,mr,wait,home","wonder,indic,program,school,individu,contain,modern,view,leav,loss,realiz","answer,readi,book,decis,network,line",
245,"career,develop","bring,enough,happi,charg,note","list,kitchen,task,still,pick,play,music,along,wall,safe,structur,pretti,hair,along,front,arriv,technolog","produc,church,sing,compani,requir,continu",,,,,,
246,"machin,learn","wonder,peac,center,signific,project,note,area,enough,blue,pm,republican,kitchen,issu,good,young,treat,dark","true,pull,ever,current,believ,price,mother,see","interest,expert,allow,involv,practic,financi,tax,kitchen,carri",,,,,,
247,histori,"none,tough,reflect,plant,soon,place,act,close,second,prevent,car","mention,natur,matter,wide,agent,ahead,teach,soon","front,prove,form,sort,mother,toward,idea,whatev,suffer,forc,speech,clearli,year,magazin,partner,theori,beyond,number,hold,agent,place","similar,agenc,famili,goal,wrong,carri,larg,difficult","fall,number,artist,top,throw,experi,build,movement","move,start,charact,bodi,realiti,must,remain",,,
248,"career,develop","summer,provid,evid,indic,need,nearli,inde,red,today,school,open,color,line,posit,man,relationship,bring,design,reach,floor,servic,start,servic,noth,treat,ground,seat,role,throughout,someon","across,middl,clear,pick","style,involv,perform,relat,major,teacher,whose",,,,,,
249,"career,develop","safe,produc,south,drug,travel,phone,commerci,militari,window,certain,note,educ,act,admit,truth,person,wonder","audienc,answer,minut,realiti,partner,rang,citizen,anyth,soon,level","fast,particip,theori,read,sport,director,civil,hold,group,within,sell,know,play,spring,purpos,carri,alreadi,anyth,govern,decid,profession,method,clearli,decad,happen,specif,thousand,chang,feel","hard,film,question,worker,better,school,man,learn,becom,opportun,feel,person,town",,,,,
250,cybersecur,"sing,degre,fli,first,level,financi,high,thu,job,sound,republican,alreadi,could,daughter","ground,thank,bed,box,maintain,growth,room,respons,discuss,believ,state,fli,somebodi,servic,site,suffer","provid,congress,week,care,clear,fight,candid,choic,risk,town,agenc","bank,hundr,unit,agre,medic,star,chanc,third,cell,reason,shoulder","reason,report,avoid,radio,earli,person,design","game,race,next,space,research,movi,hotel","evid,pictur,night,reach,usual,sens,natur,focu,choic,mission","front,start,upon,third,charg,western,instead,idea,tri,later,class,moment,countri",
251,"quantum,comput","month,hous,hard,yeah,approach,page,secur,especi,let,least",test,"first,vote,thu,materi,guy,rule,job,fire,know","environ,purpos,offic,movement,kind,medium,share,littl,girl,protect,littl,fire,outsid,commerci,hard,effect,first,suddenli,crime,either,strong,shoulder,head,increas,citizen,might,across,fli","fast,happen,coach,involv,rememb,charg,agre,rather,choic,without,throw,close,run","reflect,physic,kind,research,lead,mayb,respons,join,parent,trade,opportun,poor,feel","includ,car,mr,firm,return,land,join,across,peopl,affect",,
252,"environment,scienc","next,letter,push,great,away,oper,boy,debat,idea,compar,hous,produc,alon,born,bring,indic,mouth,per,right,soldier,whether,day,foot","detail,ago,fund,green,toward,soldier,care,matter,million,anoth,song","assum,dinner,believ,great,reflect,staff,garden,goal,law,strategi,wear,studi,structur,health,experi,key,imagin,act","valu,put,adult,pull,approach,even,think,everyon,talk,safe,worker,offic,build,quit,total","huge,imag,educ,matter,recent,win,caus,reason,among,industri,rock,enjoy,public,find,famili,decad,messag,room,stuff,card","move,public,work,set,sister,special","someth,compar,alreadi,race,discov,free,year,beat,bring","other,establish,hour,agent,commerci,ever,goal,other,entir,present,determin,figur,last,articl,natur,run,employe",
253,"artifici,intellig","seven,lead,lay,alon,show,term,forc,bad,fact,yard,land","littl,late,rememb,build,four,decis,agreement,recent,articl,lay,law,accord","agent,organ,militari,paper,whether,realiz,woman,ever,memori,floor,share,includ,per,possibl,bed,point,prove","talk,bring,movement,music,play,sea,commerci,littl,grow,respond,top","economi,time,ground,call,look,u,group,purpos,light,share","owner,particular,probabl,stage,live,court,individu,argu","provid,effort,machin,young,toward,whose,exampl,still,travel,ago,subject","result,feel,kid,popul,teach,amount,black,like,practic,cup","technolog,student,center,need,learn,hot,author,level,voic,whose,actual,room,import,western,lead,garden,blood,societi"
254,"climat,chang","respond,produc,child,reflect,face,term,product,also,road","feel,person,pay,catch,parent,matter,account","learn,light,shoulder,improv,order,attent,environment,test,human,watch,scene,assum,seat,ground",,,,,,
255,"machin,learn","kitchen,draw,leav,rather,knowledg,presid,shake,sinc,republican,join,u,societi,centuri,consid,left,els,make,month","attack,ten,process,approach,tabl,tri,chang,late,half,everyon,build,particularli,act,natur,avail,serv,main,region,coupl","consum,condit,rang,sea,reveal,view,number,environment,reason,popular,project,four","live,product,lose,thing,stuff,major,although,serv,involv,tradit,step,view,wife,organ,watch,theori,rock,els,deep,poor,determin,throughout,magazin,physic,stand,mention,arriv,care,leader,improv","without,subject,thought,view,idea,thank,posit,bring,place,compani","mouth,write,sever,signific,manag","find,live,rule,polit,professor,fact,style,threat,modern","data,son,know,stuff,subject,meet,realiz,year,budget,mention",
256,"artifici,intellig","style,environment,involv,societi,collect,rest,glass,save,bag,hear","age,director,case,let,second,skill,abil,rule,throw","board,beauti,hous,center,paint,hard,guy,colleg,drop,result,sell","busi,rate,bad,dream,support,maintain,follow,system,system,languag,final,physic,nation,common,seri,may,scientist,govern,group","thing,tabl,home,style,rise,view,commerci,region,give,town,discuss,decid,treat","major,say,central,particularli,risk,read,reach,letter,whether,articl,color,bodi,larg,alreadi,recent,next,especi,technolog",,,
257,sociolog,"bed,studi,beyond,short,good,poor,interest,special,result,short","drive,rock,form,blue,magazin,admit,comput,old,somebodi,note,nation","sell,decad,fact,book,list,scientist,road,understand,doctor,movement,present,particularli","industri,meet,give,small,hot,noth,outsid,arriv,kind,bad,tonight,tough,develop,six,open,everi,develop,bring,financi,inde,game,avail,noth,top,loss,nation,one,marriag,soon,continu","execut,respond,note,role,requir,exist,great,prove,play,husband,assum,stage,record,across,suffer,world,catch,cultur,dark","none,feel,long,practic,fli,one,vote,decis,countri,cup,process,easi,million,eye,great,differ,quit,line,popular,structur,throughout,player,read,understand,hold,share","time,artist,resourc,worri,week,air,player,buy,senior,half,school,social,leav,pay,name,behind","go,forget,spend,blood,reveal,month,phone,agenc,agre,either,could,sit",
258,histori,"candid,expect,inde,south,campaign","singl,educ,togeth,vote,meet,resourc","account,pressur,season,eight,exampl,inform,sport","discuss,someon,threat,wife,treatment,also","build,impact,arriv,reach,woman,hospit,well,describ,hear,despit,fast,huge","beat,ball,point,becom,fall,fight,ok,congress,sound,mr,even,need,gener,news,view,bar,thu,ahead","custom,hot,everybodi,car,camera","send,home,know,creat,someth,none,remain,still,far,countri,view,inform,develop,voic,fast,democrat,side","perform,process,seek,sell,enjoy,defens"
259,robot,"much,light,alway,list,oil,manag,whether,game,major,make,yeah,wrong,worri","break,singl,school,far,blood,send,capit,food","also,abil,catch,polici,respons,write,energi,commerci,despit,activ","materi,theori,technolog","condit,fill,govern,leav,consid,rich,student,order,none,today,product,societi,noth,final,avail,fear,among,financi,local,ok",,,,
260,"health,fit","none,identifi,war,busi,fear,leav,budget,fast,reveal,even,bodi","whatev,ye,send,market,confer,guy,right,author,alon,choic,total,film,lay,less,lead,languag,black,discov,task","take,suffer,qualiti,kid,road,compani,lead,product,site,decid,voic,theori,commerci,evid,charact,yet,impact,pressur,build,analysi,tabl","toward,level,provid,among,situat,man,even,central,boy","writer,station,relationship,accept,discov,minut,littl,technolog,protect,next",,,,
261,"climat,chang","ok,necessari,polit,water,music,environment,agenc,might,game,term,medium,doctor,nice,charg,sing,win","polit,american,guess,togeth,space,stock,road,discuss,rememb,option,walk,insid,rate","son,understand,talk,certain,hour,pick,learn,everybodi,medium,born,within,six,forc,expert,reflect,beyond,near,thank","cost,sister,sort,budget,page,station,els,check,leav,way,dog,law,paper","clearli,give,night,hour,common,confer,third,health","wall,u,seven,board,manag,food,sever,beat,commun,realiti","concern,old,born,act,ago,project,wait,consid,major,save","morn,born,front,nearli",
262,cybersecur,"popul,design,network,inform,man,understand,eat,ga,free,social,reason","common,inde,score,modern,seri,environment,crime,never,start,high,instead,best,cours,interview,commun,right","pa,sound,cost,structur,song",,,,,,
263,"digit,market","tend,law,fall,perform,purpos,deal,item,lawyer,marriag,social,believ,could,bag,say","door,artist,less,whatev,week,financi,draw,put,els,seri,everyth,run,million,product","final,wife,industri,card,adult,find,kitchen,approach,board,enjoy,improv,much,person","dark,wait,bit,strategi,tabl,pick,goal,pull,note,discu","pick,long,within,figur,teacher,lose,babi,fast,discov,certain,confer,upon,fact","black,bank,interest,along,babi,note,toward,appli,expect,hand,visit,confer,old,ga","place,center,whether,air,road,everyth,recent,elect,histori,let,blood,differ,fish,earli","brother,group,court,rich,particip,happen,mayb,daughter,weight,order,treat,togeth,play,ground,reach","pretti,heart,three,reveal,issu,food,build,analysi,cell,financi,piec,occur,often,tradit,alon,specif,turn,other,continu,democrat,militari"
264,sociolog,"respons,school,health,insid,pm,loss,alreadi,son,better,candid,heavi","key,polic,woman,alway,drug,job,turn,effect,continu,color,develop,weight,fall","happen,check,charact,lose,better,manag,simpl","arriv,imagin,religi",,,,,
265,psycholog,"state,role,suddenli,card,rather","tradit,fill,rest,messag,languag,fish,hand,boy,firm,race,time,man,kitchen,bank,bad","pa,wind,even",,,,,,
266,"artifici,intellig","gener,music,certainli,state,would","movi,number,nice,intern,theori,help,stage,firm,final,practic,meet,true,travel,cost,parti","citi,ok,site,short,ahead,sometim,boy,collect,natur,usual,hous,major,billion","certainli,want,thu,inform,although,feel,summer,long",,,,,
267,"machin,learn","pick,consum,simpl,polit,happen,care,base,hair,believ,child,data,health,argu,receiv,see,imag,must,discuss,type,develop,littl,third,blue","best,million,dream,agent,clear,ever","thing,quickli,white,specif,resourc,list,mission,social,partner,would,success","alway,store,let,fill,number,manag,imagin,player,quit,travel,east,lead,speech",,,,,
268,"quantum,comput","challeng,whose,tri,respond,day,none,size,readi","film,train,feel,ask,begin,togeth,structur,human,real,red,answer,game,throughout,tend,fall,real,second,respons,rather,card,respons,polit,find","music,unit,profession,paper,father,design,stuff,chanc,among","day,understand,true,experi,meet,note,skin,store,option,nearli,dream,much,garden,home,possibl,recogn,morn,languag","four,tabl,respons,black,similar,hand,earli,properti,offic","far,mother,crime,friend,militari,catch,four,southern,simpl,determin,chanc","famili,rich","babi,ye,yet,theori,hundr,sever,great,valu,futur,polici",
269,"artifici,intellig","commerci,soon,subject,role,prevent,kid,foreign,color,see","opportun,noth,affect,includ,least,network,colleg,quit,state,knowledg,bring,note,big,glass,spring,old,person,other","network,finish,detail,cultur,whether,hard,cultur,possibl,bill,interest,term","charact,seri,ga,vote,old,attorney,home,fire,last,identifi,less,hour,deep,clear,treat","read,life,nice,scienc,pictur","includ,later,suggest,perhap,manag,energi,war,includ,gener,ahead,reason,wind,win,read,group,alreadi","imag,execut,necessari,hair,someon,open,piec,suggest,look","heavi,seem,tax,requir","court,beat,deep,enter,place,materi,marriag,someon,name,stock,condit,blue,whole,ball,walk"
270,"artifici,intellig","question,today,build,arriv,six,social,price,check,end,cost,rather,alon,war,wear,ahead,school,chang,custom,senior,bed,pretti,professor,research,blue,author,phone,sort,parent,oil,assum,relat","especi,troubl,inform,might,centuri,daughter,fast,manag,charg,number,catch,agre,board,surfac","add,name,news,push,happi,girl,person,hard,need,chair,technolog,age","hold,ground,throughout,activ,within",,,,,
271,educ,"forward,common","rather,know,public,hear,past,agenc,reveal,listen,thank,american,tabl,custom","popular,defens,countri,road,human,current","intern,manag,littl,mr,goal","even,often,boy,rang,natur,individu,hospit,tv",,,,
272,"artifici,intellig","song,white,particip,serv,growth,plant,church,morn","maintain,discu,home,east,yeah,field,agreement,laugh,explain","yet,learn,month,rather,everybodi,offici,north,author,avoid,perhap,provid,cultur,dinner,grow,capit,safe,organ,everi,u","teach,outsid",,,,,
273,"machin,learn","plan,red,pattern,happen,place,right,report,avoid,offic,sport","congress,whatev,possibl,gener,book,meet,defens,state,includ,evid,term,buy,bad,scene,certainli,food","former,lawyer,interest,tree,visit,teacher,morn,resourc,nearli",,,,,,
274,cybersecur,"win,product,program,alreadi,analysi,network,safe","recogn,hope,seri,famili,long,articl,lose,growth,valu,major,ye,yet,gun,rock,seven,institut","feder,weight,spring,system,particularli,group,sea,break,sign,buy","score,store,becom,war,studi,full,anyon,peac,manag,build,fight,common,manag,offic",,,,,
275,"climat,chang","special,west,voic,avoid,lose,rememb,theori,outsid","militari,front,stage,fear,leg,yard,quit,bad,nearli,success,meet,keep,summer,card,address,product,owner,recent","dark,natur,two,mean","memori,home,beauti,trial","test,rais,back,capit,son,big,forc,sometim,watch","whether,rise,race,worri,major,realli,speech,school,skin,also,west,understand,wife,outsid,opportun,friend,audienc,rang","whether,wonder,live,somebodi,decid,front","weight,piec,measur,number,program,goal,would,time,technolog,light,societi,noth,growth,big,concern,sens",
276,"environment,scienc","public,explain,style,open,quickli,program,church,teacher","signific,languag,even,polit,artist,militari,wall,instead,issu,environ,work,good,push,happen,administr,health,entir,still,sometim","carri,treat,ask,leg,employe,posit,exactli,signific,everi,threat,game,invest,movi,deal,prepar,final,sever,watch,chair,skin,govern",,,,,,
277,"climat,chang","particularli,could,everi,southern,sit,also,sens,partner,wonder,short,societi","old,speech,name,employe,say,seri,peopl,sure,studi,ahead,mission,million,send","forget,polit,receiv,bring,sea,stop,look,work,hundr,analysi,actual,market,discov,societi,size,among,soon,send,nearli,control,process,futur",,,,,,
278,psycholog,"manag,american,full,charg","u,peac,repres,particularli,account,contain,process,interest,profession,strategi,throughout","charact,public,true,collect,professor,eat,camera,may,audienc,strong","earli,six,inform,report,bodi,wish,heart,leav,heavi,sea,view,check,popul,hotel,person,soon,sens,mention,strategi,name,way,pick",,,,,
279,"person,financ","local,part,expert,space,around,environ,determin,employe,charg,seriou,career,assum,establish,sing,littl,detail,head,discov,effect,perform","beyond,finish,hear,far,much,type","total,west,nearli,forward,dog,offer,term,mind,lot,support,readi,stand",,,,,,
280,"space,explor","industri,left,fall,commerci,case,centuri,ball,receiv,kind,like,possibl,total,right,arriv,bed","discu,bad,activ,total,option,edg,east,player,loss,instead,mother,happi,reach,cell,civil,away,leav,signific,letter","economi,space,offici,howev,happen,allow,entir,return,tend,howev","difficult,within,coupl,tonight,direct,girl,inform,citi,hotel,site,consum,tabl,stori,huge,stop","militari,natur,power,standard,upon,accord,recogn,man,wonder,fish,power,tv,network,bad,born,way,explain,valu,variou,choic,interest,day",,,,
281,educ,"book,take,attorney,owner,step,agreement,hear,medic","method,know,role,alon,support,financi,learn,particularli,decis,design","voic,order,either,hotel,believ,third,studi,see,interest,skin,thousand","noth,current,prepar,creat,receiv,reduc,letter,troubl,blood,voic,simpli,stage,base,section,radio,reflect,window,indic,begin,artist,wait,say,order,bank,practic,black,shake","market,speech,program,western,machin,wind,understand,final,tax,articl,part,improv","staff,remain,provid,machin,ground,morn,worker,stori,father,within,noth,race,drug,lot,act,away,cover,would,bring","societi,region,artist,sinc,control,famili,beat,end,hous,work,citi,two,readi,respond,issu,colleg,lawyer,seri,say,book,kitchen","kid,increas,citizen,major,secur,expert,team,build,benefit,issu,understand,artist,somebodi,get,teacher,centuri,histori,cost,fish","risk,centuri,step,news,move,memori,appli,author,accept,imagin,tell"
282,"data,scienc","forc,improv,experi,bring,product,stori,technolog,onto,technolog,court,seem,babi,bed,polit","employe,produc,ball,reach,popul,effort,fli,decad,wear,candid,individu,accord,evid,deep,parti","purpos,son,bed,anoth,religi,defens,realiz,forget,role,need,presid,floor,husband",,,,,,
283,"climat,chang","project,readi,discuss,repres,product,stop,stand,leav,democrat,better,spring,high,road,may","suddenli,six,two,perform,earli,back,specif,activ,bank,need,happi,other,treat,step,feder,size","dinner,probabl,assum,wait","attent,probabl,six,increas,section,involv,tend,ball,also,year,need,mind,walk,ahead","direct,particip,home,weight,inde,ever,fine,condit,record","realiz,first,clear,role,south,occur","page,skin,hous,boy,environment,popular,focu,confer,system,form,person,major,brother",,
284,"data,scienc","church,comput,figur,wonder,behind,famili,big,resourc,bed,signific,power,religi","success,major,great,lead,repres,section,car,unit,identifi","son,fine,child,attorney,messag,five,theori,bodi,room,affect,wife,beat",,,,,,
285,histori,"street,tv,creat,congress,fund,law,full,reveal,charg,way","seri,treat,movi,born,coupl,trade,direct,ahead,finish,sometim,fish,tabl,central","big,futur,speech,cup,none,factor,treat,name,begin,hit,decis,recent,chair,pretti,certain,economi,follow,debat,process,agre,continu,kitchen","ye,process,low,low,heavi,book,produc,fine,tradit,crime,current,budget,congress,tax","specif,purpos,listen,wife,heart,gener,care,design,tell,perhap,concern,rich,push,littl,drive,strategi,evid",,,,
286,"machin,learn","card,tend,hear,elect,mr,sever,water","stock,guess,religi,best,color,much,possibl,line,readi,entir,day,societi","maintain,west,success,use,pick,treat,let,kind,paint,wonder,boy",,,,,,
287,"machin,learn","statement,result,program,way,point,less,film,interview,argu,push,lot,support,field,career,gun,yard,collect,structur,poor,signific,art,stori,outsid,today","know,instead,realiz,technolog,feel,abl,final,happen,analysi,rule,comput,theori,fight,lot,benefit,quit,tough,employe,threat,attack,behavior,deal,model,radio,whose,employe,reach,polic,return,appear,direct","signific,ten,book,around,go,boy,budget,fire,tabl","result,studi,per,tough,writer,mean,vote,posit,actual,signific,u,rais","foreign,cold,author,thought,race,join,front,compani,cell,dog,phone,discov,secur,per,career,late,vote,measur,art,studi,speak,share",,,,
288,"machin,learn","run,second,offici,product,impact,idea,like,line,record,establish,director","issu,identifi,none,smile,could,design,find,owner,oper,signific,seri,line,scientist","today,outsid,big,adult,someth,save",,,,,,
289,"person,financ","scientist,seek,idea,sever,interest,camera,reveal,pick","name,skin,give,wonder,skill,per,go,unit,look,yard","remain,protect,site,wrong,offer,senior,rock,past,method,peopl,station,specif,turn,work,price,surfac,think,readi,instead","comput,career,improv,build,book,shoulder,cut,type,pressur,machin,benefit,head","station,store,servic,next,offic,like,get,economi,hear,hand,onto","decad,thousand,risk,feder,small,stock,hous,compar,talk,real,allow,far,hot,onto,color,statement,garden",,,
290,sociolog,"parti,hair,reflect,mother,condit,much,polit,even,air,truth,pretti","career,inform,structur,cultur","posit,guess,bill,husband,carri,way,expect,member,hot,behavior,plant,list,invest,prove,check,network,prepar,pull","tend,bag,process,messag,rest,section","republican,billion,deep,onto,use,tv,player,pressur,good,truth,challeng,best,glass,pull,relat,letter","per,prepar,someon,seat,space,enter,whatev,look,citi,troubl,includ,next,owner",,,
291,"career,develop","report,determin,dog,care,beauti,left,countri,exist,film,someth","step,pictur,factor,develop,someth,work,far,adult,magazin","trip,born,degre,like,polit,question,special,throughout,also,none,career,major,strong,pay","least,second,nation,compar,pm,discuss,build,anoth,goal",,,,,
292,"artifici,intellig","central,group,produc,discov","hold,boy,describ,mother,pay,accept,necessari,amount,big,throughout,across,assum,seat,mayb,protect,also,spring,teach,young,central,age","u,sing,sinc,fall,perhap,differ,less,news,impact,everyon,u,ten,fight,stay,chang,peopl,high,skin,summer,accord,purpos,dog,religi","establish,interview,region,short",,,,,
293,"career,develop","imagin,natur,night","agent,natur,lose,laugh,discu,famili,travel,common,western,finish","method,argu,later,administr,situat,radio,lawyer,statement,central,attorney,send,strategi,prevent,compar,seriou,read,newspap,task,group,music,anoth,everyth,debat,messag,teacher,consid,spring","type,friend,market,health,fill,charact,author,allow,teacher,six,hold","recogn,custom,sourc,plant,owner,glass,indic,wonder,letter","prepar,respons,second,money,dinner,window,charg,centuri,polic,first,best,languag,win,kitchen,view,everyon,start,gun,opportun,somebodi,road,pick,low,quickli,suddenli","prevent,notic,offic,two",,
294,"artifici,intellig","goal,agre,begin,return,skill,hand,minut","situat,peopl,look,forward,wonder","evid,special,game,cut,professor,drop","north,realli,mother,main,buy,nation,main,state,remain",,,,,
295,"web,develop","babi,effect,medium,audienc,professor,stand,less,moment,grow,congress","educ,glass,word,task,import,guy,civil,present,staff,age,prove,late,box,thu,hotel,list","well,end,bit,polici,qualiti,rest,vote,continu,stand","rise,possibl,crime,resourc,may,help,red,music,effect,yet",,,,,
296,"environment,scienc","quit,staff,near,soon,mind,budget,seven,woman,bit,bit,agre,note,would,direct,statement,last,item,vote,report,posit,anim","citizen,purpos,follow","road,sister,purpos,space,month,someon,economi,style,lot,ever,south,face,includ,green,learn,u,whatev,whatev,student","consid,player,learn,happi,difficult,rang,far,type,town,save,throw,manag,data,must","coupl,presid,star,lawyer,wear,among,green","key,enjoy,plant,feel,worri,heavi,take,respons,togeth,spend,onto,money,throw,later","attorney,high,ga,pattern,mean,reach",,
297,"machin,learn","imagin,suddenli,behind,someon,benefit,two,relationship","wide,train,educ,wall,check,guess,paper,sign,singl,troubl,indic,need,true,leav,paint,babi,need,way,truth,choic","black,polici,learn,imagin,crime,manag,success,full,food,show,night,rememb","possibl,free,whole,season,togeth,sound","fight,design,technolog,sens,financi,season,treat,bad,partner,magazin,alreadi,join,hour,unit,road","avoid,either,firm,goal,industri,land,offic,suffer,page,movement,import,audienc,countri","capit,wall,particip,trade,court,find,debat,record,window,respons,particular,econom,break,none,develop,colleg,partner,profession,west,color,expert,polit,sort",,
298,sociolog,"final,ground,relationship,societi,polici,nearli,develop,pm,front,piec,attorney,stand,father,increas","seri,measur,determin,mind,american,alreadi,interest,increas,simpli,card,score","compar,stori","languag,score,face,coach,skin,presid,qualiti,develop","requir,show,page,least","happen,bar,long,thu,member,noth,term,letter,hear,republican,color,spend,carri,respons,reduc,stock,environment,laugh,east,best,imagin","gener,lose,current","friend,look,hope,along,question,product,wonder,polit,pictur,exampl,effect,receiv,lose","long,commun,center,research,rich,health,style,fine,republican,father,beyond,forget,get,center,sport,someth,fine,among"
299,cybersecur,"risk,bed,wife","suggest,discov,least,matter,start,popul,confer,report,stuff,upon,firm,big,short,part,employe,medic,wear,describ,game","green,littl,nation,drop,answer,fast,war,somebodi,answer,shake,teacher,leader,howev","final,rate,receiv,hous,kid,know,oper,wind,book,someth,execut,anyth,sure,stage,care,network","econom,everi,someon,father,like","u,firm,second,throw,modern,still,floor,fli,want,despit,soldier,claim,season,career,much,interest","still,capit,among,certain,everybodi,break,radio","walk,cultur,foreign,make,type,econom,team,histori,wide,financi,mr,push","still,seriou,tradit,woman,sea,appli,break,floor,centuri,test,drop,choic,hous,sit"
300,"space,explor","commun,sign,noth,far,better,better,explain,cold,enjoy,goal","hotel,happi,scienc,feder,pattern,follow,probabl,daughter,save","nearli,stock,expect,determin,present,leav,idea,send,leav,despit,place","simpli,candid,involv,thu,cut,goal,decid,style,money,ever,develop,human,score,factor,doctor,eight","sport,question,near,career,practic,need,mr,foot,friend,abil,live,market,degre,studi",,,,
301,"health,fit","might,check,mr,becom,wide","car,offic,wrong,train,reduc,vote","carri,reach,heavi,central,feel,differ,tough,save,note,ahead,summer,truth,medium,draw,far,hundr","oil,sit,magazin,worri,servic,trial","polici,statement,sometim,despit,much,star,director","polici,kitchen,base,centuri,rise,call,energi,prevent,product,scientist,drug","person,educ,ago,employe,hard,behind,task,although,key,nation,child,threat,former,brother,seek,abil,purpos,stand",,
302,educ,"author,first,better,establish,popular,guess,ye,enter,execut","singl,attorney,buy,window,bill,medium","appear,ten,agent,yard,special,militari,establish,consid","agent,identifi,today,exist,cell,read,step,western,capit,away,help",,,,,
303,"quantum,comput","differ,later,unit,summer,trade,thought,partner,expert,past,recent,set,audienc,stori","unit,train,differ,hear,start,room,pretti,bring,environment,occur,feel,north,mission,fish","fund,start,start,decad,charact,big","direct,decad,claim,onto,becom,safe,learn,reveal,care,hard,test,cut,nearli,look","effort,comput,sport,kind,medic,imag",,,,
304,sociolog,"candid,wall,fire,free,court,even,impact,field,technolog,send,noth,enough,space,season,gener","top,charg,tradit,hospit,messag,lawyer,north,help","stuff,centuri,theori,throw,author","fight,show,per,budget,fill,million,teach","collect,stage,like,entir,station,state,admit,thought,product,somebodi",,,,
305,sociolog,"alon,player,fast,arm","rest,record,coupl","shake,probabl,hold,amount,discov,would,expert,per,dream,popul,realli,els,beat,notic,ball,tradit,accord,draw,green,bar,often,provid,believ,admit",,,,,,
306,"career,develop","occur,summer,find,end,laugh,black,born,seek,today,option,young,histori,similar,leav","recogn,u,piec,assum,commerci,week,anyth,everyth,determin,yard,sign,front,manag,five,compani,market,top,green,imagin,state,nation","understand,say,certain,realli,part,power,number","respond,particular,letter,food,human,lot,site,step,accord,explain,present,becom,confer,issu,militari,stori,recent,togeth,accord,bring,letter","sign,nearli,woman,return,note,town,sure,present,seri,short,languag,pull,polic,sever,build,yeah,simpli,money","hous,interview,ever,later,increas,certainli",,,
307,"career,develop","pressur,woman,polic,claim,yet,law,week,past","attent,late,protect,experi,ahead,languag,three","maintain,church,despit,particip,author,peopl,west,beauti,speak","never,work,rate,stuff,fund,medic,cultur,summer,tell,machin,citi,product,stand,ago,first,address","around,growth,space,figur,build,must,whatev,custom,marriag,everyon,smile,method,receiv,letter,debat,coupl,insid,time,reflect,hotel,may,set,good",six,"particularli,feder,sport,type,fight,world,ground,prepar,manag","star,tv,effect,nearli,process,agent,individu,special,ground,billion,night,becom,world,girl,would",
308,"quantum,comput","movement,woman,speak,maintain,around,leav,nation,build,probabl,rememb,land","page,list,profession,mr,pay,poor,other,tabl,partner,happen,short","hair,tend,soldier,start,game,rememb,today,often,move","sens,sing,artist,store","feder,even,case,standard,custom,street,heavi,prevent,around,professor,parti,bit,hold,serv,knowledg,citizen,forc,trial,posit,trial,manag,best,accord,qualiti,describ,major,rich,discuss,fish,leg","even,els,sourc,offic,health,loss,someon,expect,product,center,agreement,histori,marriag","account,decid,red,public,control","threat,major,senior,democrat,could,experi,book,staff,increas,within","seri,bag,doctor,everyon,soon,left,peopl,stay,next,wait,small,like,detail,effort"
309,entrepreneurship,"campaign,seem,arm,howev,fast,secur,citizen,big,collect","kid,simpl,art,anim,low,watch,earli,parent,candid,news,end,stock,fli","option,chang,time,cell,act","real,job,chair,singl,stuff,democrat,suggest,rate,detail,half,need,forc,voic,bad,finish","wait,involv,hope,centuri,opportun,fire,buy,attent,happen,parti,physic,break,stage,practic,agenc,million,beauti,togeth,eat,grow,ye,need",,,,
310,blockchain,"consid,theori,invest,necessari,develop,stand,sign","also,may,provid,medium,whose,plant,beat,design,tend","onto,popul,center,admit,anoth,six,worker,moment,strategi,set,develop,sometim,continu,ball",,,,,,
311,sociolog,"secur,want,think,offic,soldier,set,alon,wife","word,thousand,perhap,car,evid,pa,trade,program,blood,order,special,cultur,enjoy,mouth,first","messag,war,yet,race,stay,stay,tradit,small,player,hair,live,per,human,medic,garden","face,research,take,within,answer,forward,dream,accord,idea,possibl,hour,middl","carri,pattern,edg,standard,mention,side,hope,skill,civil","insid,center,wall",,,
312,robot,"dream,accord,fund,discu,accept,song,region,three,prevent,behind,trial,big,million","short,yet,exampl,test","enter,everyon,edg,busi,effort,step,poor,mayb,song,support,figur,includ,econom","possibl,late,product,describ",,,,,
313,"machin,learn","even,leader,relationship,less,risk,choic,along,spend,son,end,somebodi,appear,tax,offic,anyon","around,place,deal,although,employe,yard,necessari,great,evid,senior,structur,note,forward,agenc,educ","rang,effort,whose,pattern,pick,fear","forward,kind,run,figur,certain,practic,train,argu,peopl,kind,hard,food,soldier,teacher,whatev,staff,care,inform,push,suffer,meet,world,financi,outsid","quickli,open,pattern,resourc,seven,factor,region,compani,send","theori,help,howev,mayb,admit,wish,bad,travel",,,
314,histori,"line,sure,think,social,interest,million,somebodi,feder,lawyer,newspap,blood,break,religi,crime","move,back,paint,cold,want,pull,market,perform,ye,center","identifi,section,centuri,interview,abil,democrat,six,pay,amount",,,,,,
315,"quantum,comput","perhap,televis,manag,nation,feel,collect,role,simpl,peopl,chair,goal,expect,kind,voic,month,economi,militari,wife,cup,piec,professor,sourc","secur,reduc,togeth,record,court,effect,execut,use,per,add,number,blue,appli,qualiti,experi,medium,opportun,possibl","hope,reflect,certain,relationship,mr,ye,quit,war,specif,water,floor,claim,plan,offer,side,reason,identifi","star,hand,still,inde,continu,lawyer,onto,qualiti,order,item,charact,visit",,,,,
316,"web,develop","tree,forward,girl,coupl,moment,deep,coupl","may,inform,bag,ahead,charg,air,analysi,product,debat,hot,notic,billion,third,southern","peopl,answer,becom,get,arriv,like,readi,task,insid,analysi","place,possibl,presid,attack,u,sinc,first,left,becom,administr,newspap","need,yet,account,chang,run,strong,page,movement,seri,hard,market,travel,put,amount,recent","develop,section,black,former,north,experi,speak,unit,yard,avail,natur,nation,see,materi,bit,thought,top,govern","shake,realiti,car,argu,cut,anyon,crime,coach,theori,across,miss,low","industri,bar,dream,second,reduc,accept,news,alon,adult,scene,add,shake,train,moment,town,south,inde","mr,address,energi,eat,receiv,charg,ok,might,attorney,low,outsid,lot,account,offer,around,big,guess,event,understand,big,avail"
317,"person,financ","subject,rang,system,trip,forget,dream,imag,woman,entir,career","store,add,role,send,tell,start","charg,rock,movi,speak,chair,debat,visit","road,happen,still,truth,let,less,sometim,cours,begin,alway,explain,guess,pressur","polic,choos,know,bad,although,fast,choic,perform,hundr,sens,region,big,anyth","articl,ago,blue,black,interest","amount,world,tax,first,describ,soon","carri,may,physic,thank,respons,seat,ten,artist,talk,stay,forget,debat","admit,form,billion"
318,"artifici,intellig","individu,seri,effect,identifi,tend,author,tree,tend,big,good,histori,deep,realiz,even,glass,peopl,produc,decis","particularli,enough,book,green,head,describ,level,anyth,may,readi,work,treat,late,test,daughter,way,total,dinner,daughter,type,accord,race,far,perhap","figur,pull,measur,candid,song,democrat,pm,activ,high,worker,ok,drop,later,colleg,differ,stage,fire,determin,site,compani,trip,pretti,eat,employe,station,fast,argu,partner,sing","billion,street,order,factor,inde,medium,forc,approach,forget,appear,model,ever,everyon,expert,seem,signific,campaign,becom,valu,meet,colleg,usual","per,system,behavior,particularli,trade,away,win,yet,right,rather,interest,togeth,last,lay,discuss,middl,middl,bed,hotel",,,,
319,entrepreneurship,"turn,great,new,door,outsid,spring","goal,rock,seven,insid,fast,cultur,other,compani,natur,public,arriv,fast","street,wear,sure,fast,front,great,southern,learn,say,behavior,daughter,whose,measur,mr,soldier,educ,voic,might,voic,woman,rate,school",,,,,,
320,"machin,learn","talk,spend,prove,size,next,model,tend,child,realiz,agent,event,abl,buy,fast,collect","issu,feel,perform","night,father,movi,artist,especi,church,shoulder,beauti,modern,help","decid,growth,truth,singl,common,young,place,floor,becom,throw","cell,everyon,appear,part,year,relat,let,professor","skin,morn,see,mind,surfac,wait,box,go,find,well,begin,improv,tell,someon,save,tend","differ,parti,everyon,film,tree,crime,east,outsid","practic,program,deal,push,plant,measur,great,provid,pa,add,lay",
321,cybersecur,"would,push,western,view,financi,although,industri,requir,social,inde","manag,condit,decad,account,score,radio,land,meet,even,size","third,weight,fine,control,long,like,u",,,,,,
322,"artifici,intellig","use,activ,yet,talk,late,crime,answer,pull,talk","thing,accept,identifi,upon,compani,seri,attent,step,sister,tell,interest,day,compani,quit,would,real,respond,mr,hotel,focu","ball,save,agreement,marriag,record,listen,around,agent,film,quickli,thing","subject,describ,safe,bodi,defens,camera,mean,enter,control,list,maintain,campaign,consid,author,sea,ground,recent,sport,indic,system,special,form,send,imagin","individu,give,well,land,plan,ground,attack,defens,attorney,sourc,away,happi,respons","water,charact,read,miss,reach,life,visit,behind,leav,exampl,togeth,staff,magazin,person,cultur,includ,court,wide,intern","high,energi,must,happi,movement,reveal,point,watch",,
323,"quantum,comput","els,impact,firm,also,consid,send,even,want,marriag,bit,heart,invest,meet,figur,histori,larg,imag,station,realiz,build","data,everyth,network,middl,doctor,give,yet,treatment,suggest,put,tell,cut,note,respons,none,five,exist,million","polici,educ,comput,far,network,shoulder,capit,draw,individu,feder,particip,bank,walk","section,paper,program,work,peopl,messag","bar,ga,larg,offer,full",,,,
324,"data,scienc","middl,activ,home,fire,go,forget","rais,person,sit,instead,age,offic,author,hospit,mind,televis,final","execut,child,doctor,money","hand,rock,research,marriag,dream,research","answer,read,religi,attent,wife,answer,front,condit,polit,chang,scientist,sing,dark,radio","physic,garden,see,room,matter,race,tv,world,amount,agenc,low,hear,throughout,kid,note,must,pressur","stuff,member,safe,huge,televis","hear,purpos,assum,movement,tv,commerci,direct,degre,troubl,expert,car,fact,mouth,parti","differ,green,foreign,import,hear,section,issu,attent,far,cost,speech"
325,"environment,scienc","life,requir,accept,appear,valu,none,lot,car,north,cut,parti","allow,cultur,add,least","boy,person,includ,manag,anim,author,tell,everyth,polit",,,,,,
326,entrepreneurship,"wide,sign,need,task,theori,boy,perform,drug,dream,central,western,look,lot,least,discov,fight,trade,talk,despit,staff,differ,servic,professor,scene,light,turn,kind","pressur,mr,skin,ball,air,name,pay,parent,properti,believ","keep,happi,attent,medium,appli,discov,crime,anyon,bed,fall,much,confer,page,perform,certainli,fund,tell,everyon,fire,group,four,player","world,anoth,assum,remain,question,knowledg,establish,everi,singl,ball,includ,true,form","feel,sport,repres,bodi,call,lay,keep,church,wait,machin,car,begin,effort,chang,drive,student,commerci","modern,exactli,model,radio,financi,look,televis,high,mani,hold","movement,know,key,brother,start,magazin","set,popular,effect,rich,season,republican,million,oil,grow",
327,"career,develop","owner,next,moment,goal,throw,everi,unit,cours,elect","sinc,forward,approach,past,man,colleg,hit,specif","other,maintain,subject,particip,result,form,door,doctor,rate,four,activ,hotel,parti,watch,cut,mouth,name,execut,score,expect,base,educ","upon,life,knowledg,american,receiv,yeah","particip,around,south,eat,teacher,maintain,famili,decad,realiz,democrat,edg","plan,line,way,scene,interest","similar,languag,set,beat,fire,level,fish,threat,see","mayb,describ,expect,role,entir,tree,histori,food,anyon,director,later,involv,good,assum,water",
328,"environment,scienc","manag,green,articl,upon,mr,appli,approach,action,candid,chanc","court,articl,improv,mission,decid,theori,artist,oil,product,voic,may,hospit","perform,candid,standard,audienc,carri,train","cup,pictur,worri,cost,day,great,polic,marriag,strong,west,coach",,,,,
329,educ,"guy,boy,call,kid,lawyer,star,speech,simpl,attent,carri,day,score,late,catch","two,stori,necessari,sure,truth","hospit,shoulder,floor,weight,forward,age,either,build,scene,program","skill,seven,model,littl,know,standard,score,page,necessari,fli,congress,step,pay","prevent,could,plant,appli,alon,walk,perform,art,final","militari,soon,former,respons,cell","real,train,wish,creat,cultur,avail,organ,last,societi,style","record,despit,anyth,imag,red,organ,among,compar,foreign,skin,defens","peopl,speak,network,coach,support,time,agreement,although,howev,medic"
330,"environment,scienc","abl,polici,charact,activ,provid,deal,director,explain,act,arriv,high,success,although,forc","mani,follow,paint,reflect,teacher,creat,audienc,wall,nation,receiv","street,law,tonight,sometim,noth,memori,messag,oper,air,someth,posit,person,race,rich,marriag,send,great,control,similar,region","push,best,perform,everyth,common,ye,almost,toward,compar,final,arriv,foot,wind,left,thank,state,signific","phone,better,soldier,result,food,mani,consum,line,onto,movi,news,challeng,around,list,model,mission","consum,travel,seri,catch,social,still,coach,good,polici,enter,enter","servic,whole,success,late,peac,throw,movi,light,insid,usual,u,cours,half,candid,news,even,develop,heart,thing,player,across,someth,hundr,name,event,size","imag,project,seek,black",
331,"space,explor","past,second,identifi,notic,save,enough,bar,organ,surfac,bit,messag,amount,trade","share,happen,fear,law,consid,feel,rang,sing,feel,room,sound,professor,guy","pa,paint,list,shoulder,final,remain,execut,head,white,paper,employe,week,tri,sort,noth,institut,develop,sometim,detail,signific,wish,young,soon","crime,interest,benefit,huge,impact,third,sister,secur,note,mani,wonder,hit,candid,chair,notic,wait,return,work","wonder,statement,republican,readi,play,energi","whether,babi,church,allow,street,way,compani,articl,everyon,quit",,,
332,"person,financ","lose,thousand,choic,head,wait,prevent,avoid,reduc,popular,govern,includ","compar,democrat,foot,within,wish,church,inform,box,forc,along,reach,team,statement,firm,summer","clearli,attent,clearli,lot,film,stage,thought,save,although","sing,court,militari,know,magazin,run,major,role,event,attack","actual,interview,ever,challeng,hous,polit,sister,dinner,account,air,respons,short,air,ball","mayb,agent,hand,tv,hair",,,
333,histori,"short,particip","goal,colleg,art,eight,green,subject,among,wall","movement,particularli,mission,law,player,eye,eight,togeth",,,,,,
334,"data,scienc","anyon,drug,cup,answer,woman,across,local,offic,accord,ahead,moment,song,major,game,tree,school,song,elect,presid","throw,third,road,wear,pull","boy,see,success,free,open,invest,amount,pictur,career,way,pattern,protect,believ,interest,trip,especi,tend,music,determin,year,tv,next,worri,spend,four,movi,section,kitchen,would,polici,husband","benefit,middl,mr,decis,difficult,effect,go,skin,oper,town,sing,languag,suffer,someth,tough,produc,paint,coach,fish","certainli,sea,tri,hard,scientist,affect,author,popul,task,plant,democrat,side,congress","product,polit,water,toward,dark,test,bodi,deal,back,rais,move","kitchen,help,wind,shoulder,congress,nearli,turn",,
335,"web,develop","year,repres,serv,hope,cours,polici,store,agenc","prove,part,other,school,learn,short,establish,democrat,last,church,fund,wrong,blue,polic","seri,instead,price,seat,debat,per,among,none,imagin,hot,phone,staff,nearli,impact,true,insid,born,break,even","safe,pictur,set,cours,impact","behind,network,heart,great,beat,pa,citi,shoulder,popul,agent,never,continu,place,recent,develop,behavior,nearli,south,defens,role,air,practic,special,readi","sometim,charg,around,nation,station,continu,reduc,read,offer,attack,lawyer,guess,reveal,design,moment,door,night","defens,requir,recent,wear,mission,relationship,worker,opportun,research,wind,act,properti",,
336,psycholog,"cover,idea,attack,accord,eat,travel,kid,enjoy,shoulder,suddenli,talk,earli,news,collect,fall,bed,town,well,adult","start,agent,requir,particularli,insid,bar,religi,head,approach","choic,hair,page,societi,art,chanc,follow,draw","kitchen,author,catch,final,like,next,drug,articl,wear,small,collect,find","discuss,effect,becom,receiv,short,stay,program","floor,start,els,exist,color,els,budget,explain,campaign,wonder,manag,model,head,treat,author","dream,laugh,environment,involv,see,oper,find,properti,plan,charact,bed,babi",,
337,"climat,chang","would,listen,court,finish,tell,instead,model,accord,choos,choos,particularli,nation,signific,north,head,readi,lead,languag,specif,road,polit","tough,democrat,cup,enough,walk,particularli,concern,two,sport,dark,ye,better,life,person,race,six,agreement,factor","even,set,larg,avail,two,suggest,upon,turn,someth,rock,still,unit,local,ye,control,ever","risk,check,famili,score,campaign,condit,nearli,someon,studi","simpl,realiz,risk,other,happi,artist,realli,relationship,notic,test,entir,usual,key,feel,standard",,,,
338,robot,"month,throughout,parent,stock,great,recent,skin","newspap,includ,challeng,arm,benefit,face,hear,six,nearli,qualiti,wall,adult,candid,appli,happen,babi,imag,interest,cours,nation,late,wait,half,final,marriag,citi","scene,exampl,race,dinner,task,treatment,address,event,east,unit,exist,good,project,mind,discu,finish,record,reveal","employe,away,rememb,morn,nation,career,student,fear,anyon,anyon,stay,even,kid,health,involv,check,beyond,want,organ,yeah,close,secur,though,heart,high,without,suddenli","return,surfac,technolog,blood,sit,miss,creat,coupl,product,unit,arm,talk,realiti,age,exist,hard,product",,,,
339,"climat,chang","land,place,someon,level,confer,better,full,actual,popul,note,popul,dark,teach,hot,matter,strong,open,economi","drive,edg,parent,size,thousand","concern,tabl,bank,option,sport,develop,issu,democrat,mr,today,common,benefit,call,cut,firm,even,million,low,well,want,servic,nice,work,interview","gener,level,memori,white,comput,key,lawyer,coupl,father,feel,western,other,similar,repres,employe,local,side,believ,sport,toward,camera,list",,,,,
340,"data,scienc","exampl,writer,lay,audienc,recent,major,rest,realiti,inde,produc,amount","pay,put,other,mani,need,crime,skill,occur,look,hand,protect,famili,process,town","kind,store,actual,watch,scienc,major,board,second,discu,win,attorney,west,prevent,stand,visit,religi,job,area,western,report,possibl,exist,garden,week,someth","thing,civil,style,thank,congress,offici,import,member,unit,accept,polic,result,two,collect,prepar,confer,popular,night,gener,magazin,rich,floor","shoulder,stop,fire,truth,perform,page,babi,claim,establish,pay,intern,foreign,hour,happi,chair,around,earli,environ,charg","build,term,mayb,cold,treatment,presid,nation,treat,item,resourc,develop,seek,feder,deal,differ,four,enter,repres","develop,two,despit,compar,bar,product,artist,tri,order,yeah",,
341,"career,develop","person,floor,lay,within,plant,attorney,physic,polit,confer,soldier,sourc,trade,stuff,offic,leav","environ,put,polit,threat,peopl,group,seek,analysi,prove","author,u,futur,report,describ,special,follow,onto,size,know,coach,financi,paint,medium,structur,includ,rais,support,old,pretti","respond,risk,door,rule,first,center,understand,much,decis,agreement,guess,research,season",,,,,
342,"health,fit","big,like,control,eat,often,support,popul,game,set,network,month,offer,paint,rule,involv,whether","could,econom,tree,figur,six","question,issu,board,catch,commerci,book,could,success,kid,visit,bit,draw,quickli,test,blue,almost,wide,nice,hard,window,total,world,begin,stori,edg,confer","expert,creat,attack,tax,moment,contain,big,center,strategi,democrat,knowledg,follow,never",,,,,
343,sociolog,"famili,allow,pm,work,partner,parent,record,medic","pay,simpli,church,articl,custom,open,rather,ahead,enter,town,particip,u,rather,militari,becom,notic,everybodi","add,job,key,energi,product,smile,success,shake,situat","avail,commerci,middl,stori",,,,,
344,"health,fit","anoth,system,nation,top,treatment,even,use,insid,establish,seven,region","paper,meet,small,peac,center,seek,beauti,truth,size,treatment,put,step,fight,adult,time,get,execut","stay,colleg,expert,paint,realli,work,languag,sourc,final,identifi,alway,sea,free,check,former,group,memori,purpos,charact,kitchen,money,mayb,color,beauti,bar,help,one,import,respons,owner","trip,popular,safe,rememb,institut,studi,top,religi,star,open,record,fear,room,word,detail,full,role,differ,along,live,person,choos,offer",,,,,
345,"machin,learn","increas,buy,bad,differ,possibl,person,save,actual,student,deal,drive,remain","other,woman,right,stuff,way,bag,manag,indic,throw,issu,station","thu,troubl,rest,citi,remain","avail,seem,point,realiti,qualiti,street,board,sever,minut,resourc,spend,particular,man","spend,young,mayb,fight,treatment,abil,valu,learn,choos,particip,side,five,parti,wish,player,back,bag,produc,program,instead,ahead,one,kid,recent,crime,child,parti,short","reason,coupl,set,import,write,war,space,cost,creat,debat,avoid,prove,return,anoth,establish,sort,good","mention,togeth,stuff,crime,feel",,
346,"machin,learn","save,teach,other,deal,two,state,includ,seem,yard","cold,land,arriv,new,rememb,former,call,centuri,mind,six,possibl,draw,messag,red,voic,day,project,write,forward,million,well,execut,exampl","pull,program,top,guy,long,everyth,throw,econom,forc,southern,within,care","local,feel,point,specif,color,intern,inform,yeah,month,suddenli,littl,note,score,determin,wife","former,seek,countri,feel,bed,exampl,arriv,note","may,see,level,much,western,strong,gener,type,billion,western,feder,seriou,articl,charg,start,form,dream,offer,rich,behind",,,
347,"web,develop","histori,hot,seriou,reach,help","east,two,messag,energi,recent,debat,thu,reach,machin","discuss,exampl,consid,clearli,prevent,hit,upon,might,second,societi","show,card,type,econom,u,church,compani,common,phone,meet,organ,say,three,air,wait,look,hard,certain,societi,seat,societi,purpos,project,tradit,three,talk","walk,meet,result,final,role,paint,true,man,sing,agreement,blue,teach,republican,role,public,yard,unit,compar","includ,form,next,imag,possibl,result,summer,rise,ago,centuri,oil,huge",,,
348,robot,"clear,unit,write,cold,window,collect,director,check,agreement,region,moment,imagin,continu,beauti,approach","case,messag,perform,senior,detail,everyth,plan,region,hot,avail,least,drive,countri,edg,everyth,hundr,marriag,manag,togeth,within,collect,final,close","mr,stand,forward,decad,former","leav,charg,foot,cold,social,organ,dark,heart,pay,white,draw,point,thousand","fire,hot,put,ever,ground,particularli,student,lay,owner,key","parent,floor,push,hear,abl,attack,throughout,american,network,imag,similar,item,usual,weight,may,drive","agre,commun,five,behind,toward,drug,expect",,
349,blockchain,"green,finish,half,dream,read,heavi,car,score,black,success,local,far,east","arm,enough,fish,mani,daughter,site","know,inde,decis","centuri,free,common,huge,year,trial,way,food","film,weight,sometim,manag,perhap,care,fli,late,rest,administr,upon,believ,say,republican,make,popul","particularli,start,coach,present,chair,father,crime,last,dark,trial,daughter,chang,expect,rather,far,begin,idea,back,end,drug,letter,singl,stand",,,
350,"web,develop","reduc,mouth,lot,data,whose,phone,close,see,learn,differ,four,economi,boy,end,prepar","receiv,ball,medic,everyth","speech,simpli,intern,reduc,whole,structur,alway,realli,occur,field,onto,democrat,repres,peac,star","candid,life,imagin,husband,mission,feel,better,medium,stop,writer,medic,situat,colleg,identifi,tradit,situat","carri,learn,game,troubl,pick,strong,compar,teach,hold,final,garden,find,suddenli,win,system,bar,throughout,central,case,other","particip,instead,want,risk,wind,end,voic,boy,often,militari,increas,program,capit,possibl,medic,go,interest,man,dinner,type,late","without,child,buy,beyond,write,write,understand,ground,institut,artist,coach,languag,educ,process,appli,rais,parti,smile,manag,lose","tv,mother,admit,process,presid,manag,polic,central,hard,southern,green,indic",
351,"space,explor","tri,feder,skill,wide,present,mr","simpl,sure,hand,radio,day,growth,meet,smile,receiv,scene,much,work,republican,babi,carri,three,abl,maintain,parti,ask,get,late,east,less,activ","paper,put,sometim,peac,work,relationship,parti,size,might,foreign,someon,resourc","five,custom,late,strategi,govern,know,campaign,seek,ga,evid,rule,group,store,mention,fine,return,ground,growth","laugh,life,drive,water","econom,easi,spend,must,bodi,player,everi",,,
352,psycholog,"democrat,interest,beyond,worri,far,meet,answer,decis,would,artist,includ,state","discov,glass,respond,eat,rest,coach,appli,trade,garden,good","catch,product,natur,actual,skin,sea,realiz,small,relat,ever,say,stay,nice,long,sort,environment,product,risk,employe,wrong","last,group,polit","commerci,cultur,central,offer","lot,trade,suffer,even,includ,expect,almost,realiz,effort,author,figur,low,trip",,,
353,"career,develop","physic,simpl,vote,partner,town,section,fast","move,point,stage,research,call,recogn,compar,realiti,institut,front,degre,anyth,local,institut,lead,type","offer,color,open,write,properti,find,commun,front,start,kid,world,test,exactli,behavior,statement,allow,rememb,instead,green,network","career,increas,fire,discuss,contain","sing,plan,recogn,tax,event,meet,kid,cultur,station,former,read,reveal,earli,republican,part,think,defens,much","probabl,dinner,water,sure,wall,big,senior,scene,step,perhap,treatment,entir","main,lot,concern,call,noth,strong,visit,road,commerci,level,author,peac,tree,window,game,foreign,countri,camera,protect,secur,remain,effort,reveal,includ,charg,whose,read,manag","noth,least,program,project,section,keep","creat,languag,prepar,pay,usual,republican,republican,forward,necessari,effort"
354,histori,"outsid,differ,great,democrat,particularli,short,court,never,technolog,learn,face,anyth,task,sign,bit,difficult,natur,care,key","second,mr,cultur,get,summer","find,film,american,centuri,drop,bank,clearli,order,fish,finish,peopl","tax,near,product,author,seek,good,feel","across,enough,would,two,train,analysi,environment,prevent,shoulder,poor",,,,
355,"artifici,intellig","expert,two,wide,cover,today,street,type","job,polit,money,break,worker,everyon,import,effect,hold,togeth,center,light,consid,guess,morn","sing,point,around,capit,public,career,foreign,window,skin,industri,season",,,,,,
356,"web,develop","firm,push,nice,institut,almost,success,second","machin,includ,research,bag,make,eye","test,seem,eight,tree,option,human,simpli,car,cut,expert,audienc,especi","agreement,feel,summer,peac,deep,project,list,manag,carri,organ,day,skill,short,nice,reason,feel,special,first,guy,east,person,avail,stock,oil","differ,look,gun,fear,institut,role","structur,road,lot,american,pressur",,,
357,robot,"thought,whatev,window,pull,shoulder,choic,reduc,keep,return,properti,earli,analysi,pa,store","sourc,memori,famili,doctor,wide,interest,statement,cost,member,outsid,page,eat,five,draw,song,account,style,six,court,mother","though,variou,fine,person,pretti","american,public,store,ball,church,move,mother,certainli,militari,start,energi,invest,program,half,game,fine,interest,travel,glass,class,class,order,choos,appear","person,everi,busi,contain,also,later,movement,train,suddenli","plan,seat,short,bar,feel,exampl,yeah,doctor,organ,polic,low,box,break,matter,readi,enter,seriou",,,
358,"machin,learn","former,wear,partner,listen,confer","lead,peopl,consid,present,vote,differ,note,speech,sea,institut,benefit,author","interest,mani,partner,remain,exactli,quickli,radio,hard,countri,rise,buy,laugh","readi,somebodi,low,whose,heart,week,custom,cultur,class,focu,valu,small,popular","everybodi,place,affect,subject,prevent,career,near,includ,foot,eight,visit,answer,toward,impact,high,clear,level","oil,inform,eat,read,movement,research,line,discuss,heavi,effort,claim,environ,quickli,rock,challeng,polic","power,strong,televis,reach,amount,cold,former,growth,truth,spend,take,pull","fast,claim,great,shoulder,fund,involv,break,choic,speech,go,treat,gener,sell",
359,"person,financ","remain,reach,green,seat,mother,sens,hour,gun,grow,effort,past,grow,eye,small","parent,set,head,seriou,presid,senior,medium,record,onto,third,fall,indic,shoulder,scienc","room,also,artist,adult","mani,head,decad,seven,address,market,top,visit,sing,job,clear,agreement,howev",,,,,
360,"machin,learn","morn,medic,part,true,earli,star,face,seem,good,would,import,requir","help,special,anim,variou,age,meet,effort,trade,behavior,tell","pull,letter,town,specif,side,exactli,involv,yet,though,appear,noth,think,choos","good,condit,accept,black,program,head,job,central,enough,money,race,game,even,arriv,old,prevent,career,student,garden,parent,carri,deal,decad,fish,think,actual,fill","young,matter,mr,arriv,month,occur,probabl,suddenli,know,agreement","allow,skill,govern,concern,improv","futur,speak,ago,rather,begin","news,protect,sign,bad,stop,outsid,write,challeng,claim,common,trip,gener,maintain,draw,adult,leader,across,first,accord,agreement,form",
361,educ,"sure,white,babi,task,whatev,hard","common,check,lead,arm,stay,film,decis,girl,support,organ,differ,bit,seat,girl,imagin,area,million,deep,man,catch,project,list","sometim,continu,ten,decis,bit,turn,imag,evid",,,,,,
362,educ,"execut,staff,project,author","model,local,section,score,lose,commun,stock,presid,space,among,seriou,step,babi,develop,administr,per,eat,becom","third,accept,word,new,pressur,feel","insid,easi,militari,word,explain,hot,religi,mr,pretti",,,,,
363,"climat,chang","medium,gener,organ,analysi,music,republican,senior,colleg,main,board,parti,pay,insid,almost,would,local,nation,technolog,partner","cell,earli,offer,set,weight,whatev,particularli,grow,process,brother,activ,colleg,human,say,back,almost,step,u,east,exactli,benefit,world,quickli,affect,job","part,singl,campaign,radio,agreement,becom,follow,believ,role,mani,list","real,student,other,say,owner,whose,woman,capit,clear,page,understand,fire","skin,sign,fight,resourc,rest,babi,wide,determin,larg,radio,polit",,,,
364,"web,develop","offic,histori,manag,list,reduc,tough,peopl,card,benefit,clear,rest,staff,environment,import,centuri,modern,meet,name","cours,name,noth,whatev,color,adult,right,financi,rang,mention,small,win,think,everi,student,budget","six,item,certainli,mission,suffer,notic,recogn,one",,,,,,
365,histori,"finish,sit,develop,growth,south,relationship,posit,properti,court,congress,brother,fill,want,keep,receiv,mean,compar","fire,whose,free,someth,thousand,note,foreign","elect,tri,consid,daughter,issu,later,requir,follow","senior,well,comput,top,road,behind,oper,old,quickli,appear,less,natur,dark",,,,,
366,"quantum,comput","realli,polit,model,subject,presid,report,realiz,turn,entir,posit,medic,citi,light,tell,coach,beyond,piec,son,attorney,clearli,year,skin,particular,west,littl,born","girl,born,past,heavi,ga,magazin,direct,pick,natur,readi,clearli,author","beat,center,valu,discu,right,recent,stock,agent,lose,network,interview,easi,keep,beauti,rais,school,surfac,agreement,professor,push,special,futur,partner,provid,end,none,never,voic,singl,receiv,data,front,task,theori,whose,respond","especi,rememb,larg,break,add,wonder,central,industri,none,show",,,,,
367,"climat,chang","abil,answer,offer,tax,get,long,plant,music,execut,onto,gener,car,next,offic,benefit","idea,news,public,act,page,eight,turn,view,involv,power,forc,event,special","religi,section,differ,green,order,articl,chair,parent,huge,place,particip,heavi,might,agre,team,help,reach,score,feel,senior,person,could,soldier,leader","vote,foot,land,add,risk,almost,key,particip,perhap,one",,,,,
368,"health,fit","say,activ,power,answer,prevent,follow","allow,somebodi,project,listen,build,pull,miss,attent,clearli,suffer,western,discu,idea","field,human,noth,execut,gener,govern,resourc,audienc,father,trade","go,share,readi,stand,case,tv,result,industri,look,almost,ok","nation,seat,without,yet","must,develop,sure,near,news,els,style,interest,kid","role,thing,next,coupl,perform,fire,hand,certainli,degre,left,ever,return","break,read,alon,name,book,guess,owner,face,comput,trade,bit","say,pay,fear,scienc,like,better"
369,"person,financ","get,begin,oper,enter,court,fill,deal,lay","realiz,point,bodi,five","popul,head,polici,music,help,imag","center,onto,could,firm,travel,interview,treatment","u,scientist","bad,happi,bring,particularli,power,size,fact,player,area,mean,lawyer,year","thing,mean,voic,abl,push,govern,line,often,affect,studi,hair,free,avoid,although,argu,tradit,profession,provid","rais,mani,rememb,even,current,creat,sound,agreement,babi,foot,court,polit,new",
370,"quantum,comput","choic,deal,light,onto,face,alon,woman,land,type,sister,away,cultur,kitchen,repres,eye","rich,support,size,seat,share","writer,may,speak,floor,writer,popul,none,properti,attack,rather,purpos","option,alon,size,adult,fill,spring,none,next,much,six,everi,collect","intern,garden,share,break,exampl,polic,easi,store,pattern,sens,almost,new,enjoy","fact,today,watch,price,western,manag,option,practic","late,eight,tell,open,husband,memori,six,republican,free,huge,clearli,becom,idea,member,commerci,mayb,meet,oil,edg,everyth",,
371,"data,scienc","price,player,use,maintain,paper,high","white,side,inform,sever,onto,bill,rais","natur,network,interview,get,someon,ok","interest,four,decad,financi,recogn,chair,boy,light,environment,pay,someth,southern,environ,wear","nearli,may,trade,billion,ask,prevent,among,across,instead,style,data,assum,profession,social,whether,four,respons,safe,agre,properti,page,top",,,,
372,histori,"direct,foot,garden,public,save","social,side,room,figur,popular,success,gener,around,even,economi,last","win,chang,place,even,whose,like","marriag,store,scientist,polici,colleg,even,board,lead,beauti,custom,go,necessari,consum,region,present,mention,product,anyon,rate,accord,network,current,southern,chanc,certainli,goal,someth","rule,properti,daughter,stop,run,show,polit,notic,experi,receiv,institut,although,discu,major,area,includ,land","peac,bag,catch,earli,hit,order,think,instead,debat,town,beauti,west,shoulder,result,summer,grow,model,stori,none,whether,around,ground,father,mission,environment,much,maintain,build","respons,democrat,protect,station","today,dog,impact,admit,still,save,comput,polit,treatment,scientist","issu,kid,break,hundr,meet,page,real,growth,togeth,tend,today,whether,eight,increas,discu,left,better,avoid,gener,space,walk,move,decid,three,effect,produc,save,smile"
373,blockchain,"visit,memori,amount,chanc,strong,debat,blue,teach,quit,time,number,knowledg,profession","minut,movi,famili,militari,famili,term,identifi","seriou,environment,item,add,read,sort,recent,reflect,oper,move,human,phone","make,movi,safe,guy,kid,exist,clearli,plant,parti,north,beauti,court,benefit,physic,memori,oil,power,bad,exampl,use,hundr,someth,paint,seven,exampl,execut,wish,sell","run,hope,includ,short,environ,charg,similar,member,stand,benefit,new","degre,particip,least,miss,stori,success,southern,budget,popular,becom,state,agreement,beyond",,,
374,psycholog,"pressur,someon,team,realiti,buy,spring,cours","especi,approach,within,bar,skill,morn,invest,short,explain,reflect,anyon,forward","whose,walk,let,model,qualiti,onto,buy,daughter,way,deep,oil,good,physic","valu,shake,fire,improv",,,,,
375,cybersecur,"lay,night,share,studi,point,far,fund,girl,heart,owner,mr,posit,rather,stori,provid,group,countri,best,support,ten,boy,environment,arm","countri,head,side,music,troubl,lawyer,alway,sound,soldier,camera","meet,later,variou,pattern,true,learn,citi,provid","opportun,deep,tough,littl,seem,game,agent,land,size,protect,hospit","first,marriag,u,rest,someon,western,environ,week,street,assum,member,realiz,garden,name,skill,son,half",,,,
376,"artifici,intellig","late,nearli,modern,step,toward,threat,money,analysi,kitchen,sign,major,blue,action,cours,reflect,forc","discov,sure,home,accept,treatment,child,measur,energi,cost,mayb,agent,democrat","yard,behavior,yard,boy,everybodi","growth,variou,court,two,push,kitchen,congress,result,pressur,discu,take","easi,find,situat,alway,cultur,open,leav,certainli,gener,profession,share,tradit,attorney,technolog,mayb,quickli,remain,view,section,hope,peopl","goal,start,natur,across,hand,differ,analysi,exist,laugh,approach,busi,art,tell,think,compani,trade,build,gener,servic,behavior,relat,use,earli,protect,deep",,,
377,"climat,chang","anyth,attorney,audienc,mother,area,last,make,nation,republican,year,side,arriv,beauti,manag,man,product,impact,everybodi,rise","charg,later,seat,polit,believ,insid,develop,law,inde,local,product,safe,black,seek,say,larg,research,american,fine","stay,energi,rather,singl,somebodi,player,person,tradit,first,work,paper,seat","research,becom,ask,describ,fear,alway,game,capit,compar,pick","requir,teacher,girl,believ,militari,earli,tri,yeah,worker,live,societi,husband,nation,produc,other,upon,would,forc,govern,social,edg,opportun,six,see,go,resourc","safe,four,budget,food,today,despit,physic,action,choos","letter,everybodi,determin,small,right,commun,huge,term,month,check,second,machin",,
378,"career,develop","wall,step,event,claim,someon,includ,home,suffer,whole,larg","understand,paper,differ,build,father","although,central,natur,togeth,foreign,compar,low","mission,attack,sourc,drop,scienc,student,cut,instead","pretti,tabl,want,live,instead,alreadi",,,,
379,psycholog,"result,stand,behavior,profession,tonight,describ,resourc,qualiti,pretti,foot,miss,relat,soldier,ball,properti,bodi","husband,none,month","site,weight,organ,daughter,question,rememb,man,measur,land,particular,evid,everyth,lead,sort,protect,boy,thing,main,tabl,respons,page,offici,behind,capit,foot,studi","receiv,admit,wide,somebodi,face,compar,invest,life,get,institut,messag,father,central,bank,concern,build,drug,never,win,action,find,magazin","collect,opportun,window,coupl,option,well,famili,well,sign,spend,central","recent,effort,spring,pull,free,especi,detail,season,recogn,suddenli,crime,chair,care,data,safe,u,consid,choos,contain,drug,door,attorney","offer,order,lawyer,prepar,wife,nice,main,practic,kitchen,full,relationship,doctor,studi","share,artist,tell,suggest,also,qualiti,rang,decad,daughter,fire,region,pretti,chair,build,million,realiti,program,save,agenc,bag,respons,stage,writer","remain,whatev,cover,tree,mouth,floor,mani,indic,anoth,site,standard,futur,popular,call,offer,activ,includ"
380,"digit,market","leader,tend,employe,pull,low,better,mani,way,care,kind,cell,front,manag,true,particular,grow,like,paint,societi,region,even,turn","take,hit,box,truth","child,north,throw,attent,camera,let,entir,trial,music","requir,appear,big,hit,store,world,voic,manag,ye","form,opportun,staff,popul,former,reason,name,fund,person,thing,imagin,variou,call,choic,world,issu,inform,must,environment,strong,save,insid","research,ahead,without,receiv,enter,consid,capit","seri,deal,everybodi,american,physic,hit,decid,town,difficult,new,skin,partner,republican","group,simpli,minut,common,give,notic,music,health,everyth,popul,feel,east,walk,threat,card,enough",
381,"web,develop","movement,local,kitchen,current,view","account,star,peac,turn,shake,run,candid,fund,issu,day","busi,futur,comput,data,matter,tax,see,fear,student,crime,lay,movement,two,bed,religi","attack,special,hotel,parent,popul,institut,poor,gener,insid","begin,measur,forget,statement,music","hundr,alon,avoid,field,blood,role,small,song,eye,strong,end,visit,short,custom,entir,resourc,actual,educ,tv,rise,nearli,send,either,floor",,,
382,blockchain,"would,finish,continu,expect,without","might,rang,least,tv","exactli,consid,fire","close,congress,seem,group,sound,hit,today,citizen,later,bill,collect,ever,busi,continu,economi,back,case,share,camera,man,vote,almost,cost,find","foot,system","past,relat,sourc,scientist,involv,close,local,mr,home,buy","pattern,moment,guy,hand,fish,section,space,rate,countri,piec,usual,condit,coach,find,improv,act,treat","food,level,last,ago,along,day,check,enough,claim",
383,educ,"plan,scientist,televis,els,care,economi,key,trip,author,later,turn,right,happi,bring","way,foreign,everyon,properti,student,writer,appli,campaign,stock,near,modern,everyon,structur,way,like,offici,around,read,simpl,sort,season,structur,dinner,book,food,seriou,let","rise,increas,televis,machin","weight,candid,face,near,section,act,help,close,could,start","anyon,care,choos,vote,involv,thu,religi,bill,minut,probabl,televis,owner,billion,event,minut,like,describ,other,analysi,current,sourc","popular,fight,action,person,anim,oper,grow,lawyer,beat,environ,ask,inform,assum,standard","compar,must,sea,never,one,modern,econom,vote,cup,thu,action,top",,
384,sociolog,"alreadi,site,capit,decad,case,centuri,establish","give,happi,speech,visit,specif,south,explain,beat,skill,eat,resourc,space,discov,sea,abil,fear,build","relationship,easi,within,station,southern,lay,game,best,enjoy,understand,wear,group","long,forget,tri,polic,life,safe,repres,sort,especi,right,exist,land,fli,wind",,,,,
385,"person,financ","watch,full,energi","consum,figur,ground,young,fact,oil,main,lead,quit,materi,despit,adult,lawyer,chanc,move","year,defens,confer,point,compar,prevent,address,thousand,matter,system,begin,admit,employe,certain,respons,play,low,rule",,,,,,
386,histori,"game,administr,could,mr,act,posit,approach,teach,anim,run,sinc,realiz","organ,benefit,price,laugh,crime,elect,everyth,usual,see,reach,identifi,defens,red,last,gun,voic,professor,boy,miss","u,prevent,health,wear,hear","mention,blue,least,girl,price,valu,mayb","loss,late,turn","polit,full,evid,custom,offici,hold,articl,item,lawyer,per,behavior,boy,result,get,walk,product,process","game,may,polit,six,everi,second,stop,instead,direct",,
387,"person,financ","medic,art,case,audienc,establish","pretti,could,camera,left,memori,describ,star,surfac,good,coach,purpos,energi,beat,anim,almost,good,govern,follow,ago,risk,popular,eight,per,lead,govern,reveal,thousand,lawyer,money,hard","sit,design,citi,away,intern,happi,behavior,behavior,life,bed,ask,one,possibl,hard,rather,public","news,other,sit,loss,goal,may,insid,share,size,reason,pretti,continu,center,profession,kitchen,stuff,back,follow,lawyer,stage,expert,school","economi,good,analysi,stock,posit,season,last,good,item,cell,simpl,challeng,see,lose,treatment,gener,carri,vote,ten,friend",,,,
388,"career,develop","father,somebodi,coach,like,defens","readi,cup,run,view,cold,product,away,lay,firm,east,kitchen,identifi,insid,still,bed,popul,loss,agenc,network","medium,readi,tell,realiti,follow,word,offic,exactli,commun,expect","alreadi,direct,fine,yet,inde,quickli,singl,thought,prevent,individu,center,yet,understand",,,,,
389,"climat,chang","half,discov,occur,occur,differ,offic,front,north,guy,daughter,forget,languag","protect,market,interest,region,pictur,bad,blue,two,administr,know","resourc,morn,differ,mother,meet,littl,head,mention,soon,nearli,treat,whether,part,despit,imagin,relat,special,system,pattern,pressur,also,woman,polici","morn,mouth,whether,instead,contain,newspap,keep,probabl,line,interview,stop","ground,prove,prepar,yet,run,face,compar,person,almost,stand,scientist,sound,truth,requir,perhap,play,law,water,budget,call,expect,free,often,condit,ten,reveal,third,bank,becom,clearli","past,sound,alon,pm,second,simpl,food,today,repres,work,success,physic,collect,stuff,paint,far","scienc,grow,group,close,statement,air,expert","almost,travel,today,howev,cup,end,cut,start,wide,page",
390,"health,fit","consum,hour,cultur,tv,suggest,close,attorney,beat,histori,lawyer,comput","bag,support,line,bag,loss,activ,scientist,offer,old,rest,studi,today,thought,hous,half,speech,look,concern,materi,drive","father,environment,writer,tree,artist,reason,lay","state,agenc,send,stock,system,pay,morn,histori","energi,save,servic,like,watch","direct,throw,write,posit,manag,anoth,fight,newspap,rise,thought,whether,need,offic,respons,sit,window,relat,power","moment,rais,develop,intern,season,chang,offer,beauti,argu,store,purpos,alway,nice,collect,public,court","benefit,fli,import,artist,skin,final,movi,interest,factor,night,player,let,inde,gun",
391,"data,scienc","home,throw,kind,interest,differ,among,compani,person,tend,pattern,pm","player,environment,unit,often,page","must,rais,histori,anyon,person",,,,,,
392,blockchain,"send,pictur,fill,task,cultur,happi,realiz,ask,item,section,polici,major,local,thank,qualiti,west,decad,around,improv,eight","year,finish,western,wish,lawyer,properti,drug,avail,hit,mind,whether,hotel,new,american,hit,method,ahead,televis,yard,readi,administr,pattern","reduc,page,first,valu,hundr,visit,rang,vote,respons,check,seven,network,polici,rule,throughout","state,servic,seek,citizen,bed,major,must,contain,tradit,talk,cost,hot,tonight,invest,mr,white,none,drive,earli","guy,remain,reveal,posit,similar,govern,enjoy,southern","attorney,provid,major,forc,prevent,born,pressur,million,event,anoth,year,drug,professor,howev,set,polit,product,around,govern,look,eye,concern","get,cut,specif,art,question,sound","govern,word,night,arriv,popular,seat,dream,race,idea","past,kid,particip,although,floor,light,great,includ,church,cold,water"
393,"climat,chang","number,role,knowledg,adult,sometim","green,bring,heavi,near,also,guy,develop,ahead,cost,protect,street,variou,live","fact,work,approach,clear,plant,night","deep,ball,movi,least,street,appli","particip,unit,civil,begin,thank,star,week,wear,street,tough,cours,number,though,sure,cell,law,statement,arriv,beauti,town",,,,
394,educ,"station,smile,final,sing,grow,posit,republican,accept","bill,fight,land,central,well,alon,fire,expert,look","yet,central,style,second,respons,lawyer,democrat,shake,lot,tree,reason,author,feel","strong,practic,best,clear,realiti,west,strategi,past,growth,bring,garden,administr,career,insid,forc,local,troubl","green,avail,everybodi,polic","model,teach,speak,bag,accept,boy,wide,red,educ,parti,profession,statement,room,bad","hospit,understand,effect,show,owner,test,bed,recent,agenc,comput,fund,girl,stop","south,space,time,state,success,rich,wife,share,treatment,major,church","everi,term,add,collect,commerci,variou,cultur,concern,pick"
395,"artifici,intellig","author,daughter,smile,food,becom,alon,societi,bill","make,data,season,tell,night,event,sell,chanc,wall","anim,month,first,pressur,process,beauti,risk,grow,trial,purpos,sort,free,howev,impact,later,upon,gun,anyth,chanc,confer","cut,claim,congress,board,offer,much,air,item,field,profession,someth,cup,light,next","understand,tri,join,prepar,compar,main,ga,three,gun,democrat,receiv,six","actual,although,analysi,singl,listen,blue,region,check,seem,question,data,list,son","mother,father,price,big,along,look,appear,dark,abl,mean,idea,interview",,
396,"digit,market","pictur,edg,full,high,contain,citi,polit,make,film,check","central,avail,congress,memori,meet,plan,third,western,rest,yet","song,get,step,environment,develop,appli,writer,skin,readi,sourc,rate,bodi,throughout,reduc,despit,attorney,scienc,whether,provid,wide","hard,less,languag,machin,assum,sit,line,eat,natur,number,littl,often,nation,subject,case","talk,social",,,,
397,educ,"individu,growth,readi,fish,law,either,evid","floor,account,decid,loss,simpl,professor","success,remain,measur,time,realiz,morn,final,eye,rule,smile,cost,knowledg,wrong,nation,societi,natur,learn,involv,region","good,discuss,dream,way,civil,let,unit,way,think,loss,state","practic,perform,full","two,centuri,one,hold,degre,common,tend,u,benefit,budget,son","realiti,alway,produc,least,turn,box,believ,miss,season,part","treat,say,technolog,anyon","paint,practic,indic,commun,yeah,seem,friend,busi,travel,mouth"
398,"artifici,intellig","wish,act,manag,news","box,professor,degre,home,growth,accept,relationship,noth,space,although","game,peopl,know,nation","stage,secur,see,north,level,impact,front,sort,leader,young,add","recent,place,recent,one,store,hospit,physic,wrong,key,middl,head","thank,case,benefit,famili,pictur",,,
399,"data,scienc","support,program","stock,els,thu,beauti,street,discu,behavior,repres,fall,materi,rememb,lose,step","color,ye,read,cultur","key,maintain,educ,claim,sign","polit,trial,usual,execut,town,might,never,task,day","travel,suffer,control,research,ye,control,good,team,book,none,ok,call,green,qualiti,analysi,els,want,fight,spend,appear,whole,centuri,subject,amount,realiti,fight,still,news","put,sign,meet,offer,know,send,offici,possibl,tradit,countri,note","chanc,knowledg,capit,owner,world,today,group,drug,say,admit,would,collect","page,includ,check,marriag,treatment,control,degre,let,better,quit,yet,whole,appear,hotel,seat,carri,fall,everi,subject,democrat"
400,"environment,scienc","none,dark,look,histori,quickli,learn,develop,subject,stage,right,remain,write,affect,mention","opportun,risk,case,materi,natur","financi,board,societi,serv,abil,chanc,wind,confer,note,congress,econom,last","reach,compani,choos,everybodi,reach,real,discuss,wonder,sport,paint,fight",,,,,
